Date,Time,Global_active_power,Global_reactive_power,Voltage,Global_intensity,Sub_metering_1,Sub_metering_2,Sub_metering_3
01-01-2007,12:00:00 AM,2.55,0.116,240.55,10.6,1,0,1
01-01-2007,12:01:00 AM,2.486,0.089,241.07,10.3,0,0,1
01-01-2007,12:02:00 AM,2.565,0.084,241.29,10.6,1,1,1
01-01-2007,12:03:00 AM,2.652,0.1,242.44,10.9,1,1,0
01-01-2007,12:04:00 AM,2.477,0.097,241.78,10.2,0,1,1
01-01-2007,12:05:00 AM,2.477,0.091,240.83,10.3,0,1,0
01-01-2007,12:06:00 AM,2.658,0.114,241.74,11.0,1,0,1
01-01-2007,12:07:00 AM,2.577,0.119,240.73,10.7,1,1,0
01-01-2007,12:08:00 AM,2.453,0.102,242.04,10.1,0,0,1
01-01-2007,12:09:00 AM,2.554,0.13,241.26,10.6,0,1,1
01-01-2007,12:10:00 AM,2.454,0.077,241.45,10.2,0,1,1
01-01-2007,12:11:00 AM,2.453,0.096,242.16,10.1,0,0,0
01-01-2007,12:12:00 AM,2.524,0.086,240.86,10.5,0,1,0
01-01-2007,12:13:00 AM,2.309,0.063,240.8,9.6,1,1,0
01-01-2007,12:14:00 AM,2.328,0.098,241.21,9.7,0,0,1
01-01-2007,12:15:00 AM,2.444,0.098,242.02,10.1,0,1,0
01-01-2007,12:16:00 AM,2.399,0.13,240.74,10.0,1,0,0
01-01-2007,12:17:00 AM,2.531,0.113,240.08,10.5,0,0,0
01-01-2007,12:18:00 AM,2.409,0.08,241.27,10.0,0,0,0
01-01-2007,12:19:00 AM,2.359,0.137,241.78,9.8,1,0,0
01-01-2007,12:20:00 AM,2.647,0.124,242.1,10.9,0,1,0
01-01-2007,12:21:00 AM,2.477,0.112,241.27,10.3,1,1,1
01-01-2007,12:22:00 AM,2.507,0.095,241.29,10.4,0,1,1
01-01-2007,12:23:00 AM,2.358,0.081,242.08,9.7,0,0,0
01-01-2007,12:24:00 AM,2.446,0.093,240.57,10.2,0,1,1
01-01-2007,12:25:00 AM,2.511,0.122,241.31,10.4,1,1,1
01-01-2007,12:26:00 AM,2.385,0.138,241.6,9.9,1,1,0
01-01-2007,12:27:00 AM,2.538,0.131,241.72,10.5,1,1,0
01-01-2007,12:28:00 AM,2.44,0.09,241.25,10.1,1,0,1
01-01-2007,12:29:00 AM,2.471,0.078,241.52,10.2,0,0,0
01-01-2007,12:30:00 AM,2.44,0.103,240.26,10.2,1,1,1
01-01-2007,12:31:00 AM,2.685,0.065,241.17,11.1,1,0,1
01-01-2007,12:32:00 AM,2.499,0.106,241.73,10.3,1,1,1
01-01-2007,12:33:00 AM,2.394,0.097,241.01,9.9,0,1,0
01-01-2007,12:34:00 AM,2.582,0.091,241.53,10.7,0,1,1
01-01-2007,12:35:00 AM,2.378,0.068,241.72,9.8,1,0,0
01-01-2007,12:36:00 AM,2.521,0.11,241.33,10.4,1,1,0
01-01-2007,12:37:00 AM,2.304,0.089,241.59,9.5,0,0,0
01-01-2007,12:38:00 AM,2.367,0.077,241.02,9.8,1,0,0
01-01-2007,12:39:00 AM,2.52,0.043,241.4,10.4,1,1,0
01-01-2007,12:40:00 AM,2.574,0.099,241.81,10.6,1,0,1
01-01-2007,12:41:00 AM,2.517,0.135,241.58,10.4,1,0,0
01-01-2007,12:42:00 AM,2.488,0.133,241.21,10.3,0,1,0
01-01-2007,12:43:00 AM,2.47,0.091,241.61,10.2,0,0,0
01-01-2007,12:44:00 AM,2.352,0.088,241.86,9.7,0,0,0
01-01-2007,12:45:00 AM,2.428,0.109,240.48,10.1,1,1,0
01-01-2007,12:46:00 AM,2.454,0.08,242.08,10.1,1,1,1
01-01-2007,12:47:00 AM,2.606,0.106,241.33,10.8,0,0,0
01-01-2007,12:48:00 AM,2.534,0.115,241.71,10.5,0,1,0
01-01-2007,12:49:00 AM,2.324,0.125,242.1,9.6,0,1,1
01-01-2007,12:50:00 AM,2.532,0.098,240.81,10.5,1,0,0
01-01-2007,12:51:00 AM,2.461,0.096,241.15,10.2,0,0,1
01-01-2007,12:52:00 AM,2.432,0.082,241.36,10.1,1,1,1
01-01-2007,12:53:00 AM,2.561,0.083,241.11,10.6,1,0,1
01-01-2007,12:54:00 AM,2.603,0.095,242.37,10.7,0,1,1
01-01-2007,12:55:00 AM,2.593,0.107,241.07,10.8,0,1,0
01-01-2007,12:56:00 AM,2.416,0.118,241.22,10.0,1,0,0
01-01-2007,12:57:00 AM,2.469,0.084,241.6,10.2,0,0,1
01-01-2007,12:58:00 AM,2.533,0.13,240.9,10.5,0,1,1
01-01-2007,12:59:00 AM,2.598,0.095,241.3,10.8,1,1,0
01-01-2007,01:00:00 AM,2.452,0.1,241.66,10.1,1,1,1
01-01-2007,01:01:00 AM,2.481,0.085,241.33,10.3,1,1,1
01-01-2007,01:02:00 AM,2.389,0.052,241.45,9.9,1,0,1
01-01-2007,01:03:00 AM,2.38,0.118,241.24,9.9,1,1,0
01-01-2007,01:04:00 AM,2.581,0.115,240.74,10.7,0,0,1
01-01-2007,01:05:00 AM,2.636,0.094,241.66,10.9,1,0,0
01-01-2007,01:06:00 AM,2.493,0.101,242.38,10.3,1,1,0
01-01-2007,01:07:00 AM,2.6,0.11,241.51,10.8,1,0,0
01-01-2007,01:08:00 AM,2.536,0.069,241.61,10.5,0,0,1
01-01-2007,01:09:00 AM,2.435,0.089,241.85,10.1,1,1,1
01-01-2007,01:10:00 AM,2.536,0.116,240.87,10.5,1,0,0
01-01-2007,01:11:00 AM,2.654,0.075,242.35,11.0,1,0,0
01-01-2007,01:12:00 AM,2.496,0.106,241.6,10.3,0,1,0
01-01-2007,01:13:00 AM,2.656,0.073,242.32,11.0,1,1,1
01-01-2007,01:14:00 AM,2.238,0.109,241.13,9.3,1,1,1
01-01-2007,01:15:00 AM,2.582,0.099,242.41,10.7,1,1,0
01-01-2007,01:16:00 AM,2.509,0.068,241.89,10.4,0,1,0
01-01-2007,01:17:00 AM,2.47,0.123,241.78,10.2,0,1,1
01-01-2007,01:18:00 AM,2.509,0.085,241.62,10.4,0,1,0
01-01-2007,01:19:00 AM,2.301,0.084,241.38,9.5,0,0,1
01-01-2007,01:20:00 AM,2.478,0.104,242.1,10.2,1,0,1
01-01-2007,01:21:00 AM,2.536,0.123,241.57,10.5,1,1,0
01-01-2007,01:22:00 AM,2.648,0.08,240.52,11.0,0,0,0
01-01-2007,01:23:00 AM,2.448,0.101,240.94,10.2,0,0,1
01-01-2007,01:24:00 AM,2.419,0.109,241.41,10.0,1,1,1
01-01-2007,01:25:00 AM,2.45,0.114,241.65,10.1,1,0,1
01-01-2007,01:26:00 AM,2.592,0.104,241.47,10.7,0,1,1
01-01-2007,01:27:00 AM,2.533,0.093,242.11,10.5,0,0,1
01-01-2007,01:28:00 AM,2.447,0.083,240.52,10.2,0,1,0
01-01-2007,01:29:00 AM,2.551,0.102,241.57,10.6,0,0,1
01-01-2007,01:30:00 AM,2.51,0.079,240.59,10.4,1,0,1
01-01-2007,01:31:00 AM,2.597,0.042,241.88,10.7,0,0,1
01-01-2007,01:32:00 AM,2.43,0.109,241.45,10.1,0,1,0
01-01-2007,01:33:00 AM,2.467,0.118,241.71,10.2,1,0,0
01-01-2007,01:34:00 AM,2.461,0.053,241.07,10.2,1,0,1
01-01-2007,01:35:00 AM,2.354,0.08,242.14,9.7,1,1,1
01-01-2007,01:36:00 AM,2.53,0.112,242.02,10.5,1,1,0
01-01-2007,01:37:00 AM,2.526,0.141,241.79,10.4,1,0,0
01-01-2007,01:38:00 AM,2.501,0.1,241.44,10.4,0,0,0
01-01-2007,01:39:00 AM,2.477,0.085,241.79,10.2,0,0,0
01-01-2007,01:40:00 AM,2.358,0.096,241.15,9.8,0,0,1
01-01-2007,01:41:00 AM,2.458,0.127,241.93,10.2,1,1,0
01-01-2007,01:42:00 AM,2.466,0.087,242.32,10.2,0,0,1
01-01-2007,01:43:00 AM,2.42,0.084,242.04,10.0,1,0,1
01-01-2007,01:44:00 AM,2.484,0.09,241.14,10.3,0,1,0
01-01-2007,01:45:00 AM,2.54,0.081,241.68,10.5,0,0,0
01-01-2007,01:46:00 AM,2.689,0.102,240.85,11.2,1,0,0
01-01-2007,01:47:00 AM,2.517,0.132,241.79,10.4,1,0,0
01-01-2007,01:48:00 AM,2.526,0.106,241.73,10.4,0,1,1
01-01-2007,01:49:00 AM,2.493,0.095,240.57,10.4,0,1,1
01-01-2007,01:50:00 AM,2.308,0.094,240.92,9.6,0,0,1
01-01-2007,01:51:00 AM,2.497,0.069,241.36,10.3,0,0,0
01-01-2007,01:52:00 AM,2.506,0.118,241.35,10.4,0,1,1
01-01-2007,01:53:00 AM,2.746,0.098,240.9,11.4,1,0,0
01-01-2007,01:54:00 AM,2.481,0.096,241.69,10.3,1,0,1
01-01-2007,01:55:00 AM,2.53,0.164,241.63,10.5,1,1,0
01-01-2007,01:56:00 AM,2.497,0.106,241.4,10.3,1,1,1
01-01-2007,01:57:00 AM,2.383,0.085,241.12,9.9,0,1,1
01-01-2007,01:58:00 AM,2.614,0.091,242.02,10.8,0,0,0
01-01-2007,01:59:00 AM,2.575,0.123,242.33,10.6,1,0,1
01-01-2007,02:00:00 AM,2.579,0.102,241.26,10.7,0,0,1
01-01-2007,02:01:00 AM,2.409,0.071,241.19,10.0,1,0,0
01-01-2007,02:02:00 AM,2.64,0.118,241.75,10.9,0,1,0
01-01-2007,02:03:00 AM,2.36,0.087,241.32,9.8,0,0,0
01-01-2007,02:04:00 AM,2.559,0.137,241.43,10.6,0,0,0
01-01-2007,02:05:00 AM,2.719,0.122,241.87,11.2,1,1,0
01-01-2007,02:06:00 AM,2.401,0.091,240.55,10.0,1,1,1
01-01-2007,02:07:00 AM,2.443,0.126,242.16,10.1,1,0,0
01-01-2007,02:08:00 AM,2.51,0.101,241.54,10.4,1,1,1
01-01-2007,02:09:00 AM,2.45,0.117,241.29,10.2,0,1,1
01-01-2007,02:10:00 AM,2.345,0.11,241.46,9.7,0,0,0
01-01-2007,02:11:00 AM,2.507,0.083,241.48,10.4,0,0,1
01-01-2007,02:12:00 AM,2.394,0.087,240.63,9.9,0,0,1
01-01-2007,02:13:00 AM,2.547,0.121,242.25,10.5,1,0,0
01-01-2007,02:14:00 AM,2.408,0.093,241.52,10.0,0,1,1
01-01-2007,02:15:00 AM,2.655,0.092,241.72,11.0,0,1,0
01-01-2007,02:16:00 AM,2.422,0.081,241.98,10.0,0,0,0
01-01-2007,02:17:00 AM,2.468,0.108,240.99,10.2,1,0,0
01-01-2007,02:18:00 AM,2.581,0.141,241.74,10.7,1,1,1
01-01-2007,02:19:00 AM,2.377,0.079,241.37,9.8,1,0,1
01-01-2007,02:20:00 AM,2.523,0.1,241.92,10.4,0,0,1
01-01-2007,02:21:00 AM,2.631,0.128,240.44,10.9,1,0,1
01-01-2007,02:22:00 AM,2.339,0.098,241.45,9.7,0,0,0
01-01-2007,02:23:00 AM,2.518,0.109,241.2,10.4,0,1,1
01-01-2007,02:24:00 AM,2.526,0.079,241.72,10.5,0,0,0
01-01-2007,02:25:00 AM,2.578,0.109,241.74,10.7,1,1,1
01-01-2007,02:26:00 AM,2.376,0.096,241.15,9.9,1,0,1
01-01-2007,02:27:00 AM,2.368,0.12,241.14,9.8,0,0,1
01-01-2007,02:28:00 AM,2.552,0.124,241.44,10.6,0,1,1
01-01-2007,02:29:00 AM,2.53,0.152,241.05,10.5,1,0,1
01-01-2007,02:30:00 AM,2.525,0.112,241.92,10.4,1,1,0
01-01-2007,02:31:00 AM,2.535,0.107,241.32,10.5,1,0,1
01-01-2007,02:32:00 AM,2.432,0.104,240.05,10.1,0,0,1
01-01-2007,02:33:00 AM,2.523,0.093,241.31,10.5,0,0,1
01-01-2007,02:34:00 AM,2.529,0.107,240.98,10.5,0,0,1
01-01-2007,02:35:00 AM,2.429,0.094,240.68,10.1,1,0,0
01-01-2007,02:36:00 AM,2.687,0.103,240.88,11.2,1,1,1
01-01-2007,02:37:00 AM,2.547,0.126,241.55,10.5,1,1,0
01-01-2007,02:38:00 AM,2.381,0.08,242.16,9.8,0,0,1
01-01-2007,02:39:00 AM,2.566,0.123,241.66,10.6,0,0,0
01-01-2007,02:40:00 AM,2.403,0.126,241.2,10.0,1,1,0
01-01-2007,02:41:00 AM,2.579,0.098,241.73,10.7,0,1,0
01-01-2007,02:42:00 AM,2.616,0.058,241.27,10.8,1,0,0
01-01-2007,02:43:00 AM,2.418,0.088,241.15,10.0,0,0,0
01-01-2007,02:44:00 AM,2.596,0.126,240.92,10.8,1,1,1
01-01-2007,02:45:00 AM,2.541,0.1,240.62,10.6,0,0,0
01-01-2007,02:46:00 AM,2.582,0.08,241.31,10.7,0,1,1
01-01-2007,02:47:00 AM,2.69,0.09,241.58,11.1,1,0,0
01-01-2007,02:48:00 AM,2.475,0.117,241.45,10.3,1,1,0
01-01-2007,02:49:00 AM,2.425,0.111,241.29,10.1,1,1,1
01-01-2007,02:50:00 AM,2.411,0.095,241.03,10.0,1,0,0
01-01-2007,02:51:00 AM,2.418,0.093,241.8,10.0,1,1,0
01-01-2007,02:52:00 AM,2.492,0.092,240.84,10.3,0,0,0
01-01-2007,02:53:00 AM,2.534,0.082,241.89,10.5,1,0,0
01-01-2007,02:54:00 AM,2.528,0.132,241.0,10.5,1,0,1
01-01-2007,02:55:00 AM,2.583,0.094,241.12,10.7,1,0,0
01-01-2007,02:56:00 AM,2.501,0.124,240.77,10.4,0,1,0
01-01-2007,02:57:00 AM,2.645,0.13,241.25,11.0,1,0,1
01-01-2007,02:58:00 AM,2.474,0.12,241.99,10.2,1,0,1
01-01-2007,02:59:00 AM,2.772,0.091,241.76,11.5,1,0,0
01-01-2007,03:00:00 AM,2.563,0.108,241.99,10.6,0,0,0
01-01-2007,03:01:00 AM,2.414,0.1,241.76,10.0,0,1,1
01-01-2007,03:02:00 AM,2.393,0.082,240.95,9.9,1,0,0
01-01-2007,03:03:00 AM,2.548,0.106,241.33,10.6,0,1,1
01-01-2007,03:04:00 AM,2.478,0.076,241.11,10.3,1,1,0
01-01-2007,03:05:00 AM,2.571,0.124,242.17,10.6,0,1,1
01-01-2007,03:06:00 AM,2.547,0.091,240.9,10.6,1,0,1
01-01-2007,03:07:00 AM,2.493,0.104,241.95,10.3,0,0,1
01-01-2007,03:08:00 AM,2.415,0.106,241.95,10.0,1,0,0
01-01-2007,03:09:00 AM,2.349,0.095,242.41,9.7,1,0,0
01-01-2007,03:10:00 AM,2.455,0.112,241.3,10.2,0,1,0
01-01-2007,03:11:00 AM,2.586,0.091,241.86,10.7,1,1,0
01-01-2007,03:12:00 AM,2.521,0.117,242.64,10.4,1,0,1
01-01-2007,03:13:00 AM,2.375,0.073,241.19,9.8,1,0,1
01-01-2007,03:14:00 AM,2.517,0.103,240.73,10.5,1,0,1
01-01-2007,03:15:00 AM,2.539,0.139,240.56,10.6,0,0,0
01-01-2007,03:16:00 AM,2.412,0.08,241.86,10.0,1,0,0
01-01-2007,03:17:00 AM,2.515,0.086,240.56,10.5,0,0,0
01-01-2007,03:18:00 AM,2.506,0.11,241.31,10.4,0,0,1
01-01-2007,03:19:00 AM,2.386,0.104,241.72,9.9,0,1,0
01-01-2007,03:20:00 AM,2.536,0.107,241.59,10.5,0,1,0
01-01-2007,03:21:00 AM,2.556,0.11,241.71,10.6,1,1,1
01-01-2007,03:22:00 AM,2.608,0.113,241.61,10.8,1,1,1
01-01-2007,03:23:00 AM,2.605,0.122,242.14,10.8,0,0,0
01-01-2007,03:24:00 AM,2.362,0.108,241.02,9.8,1,0,1
01-01-2007,03:25:00 AM,2.406,0.095,241.16,10.0,0,0,0
01-01-2007,03:26:00 AM,2.552,0.113,241.11,10.6,1,0,1
01-01-2007,03:27:00 AM,2.551,0.138,241.92,10.5,1,0,1
01-01-2007,03:28:00 AM,2.552,0.097,241.95,10.5,1,1,1
01-01-2007,03:29:00 AM,2.885,0.081,241.73,11.9,0,0,0
01-01-2007,03:30:00 AM,2.557,0.122,242.09,10.6,0,1,0
01-01-2007,03:31:00 AM,2.614,0.098,240.91,10.9,1,0,0
01-01-2007,03:32:00 AM,2.595,0.057,242.33,10.7,0,1,1
01-01-2007,03:33:00 AM,2.565,0.117,242.26,10.6,0,0,1
01-01-2007,03:34:00 AM,2.468,0.089,241.87,10.2,1,1,1
01-01-2007,03:35:00 AM,2.576,0.098,242.39,10.6,0,0,1
01-01-2007,03:36:00 AM,2.423,0.107,240.67,10.1,1,0,0
01-01-2007,03:37:00 AM,2.476,0.104,241.24,10.3,1,0,0
01-01-2007,03:38:00 AM,2.451,0.114,241.13,10.2,1,0,0
01-01-2007,03:39:00 AM,2.508,0.091,241.86,10.4,0,1,1
01-01-2007,03:40:00 AM,2.731,0.11,240.97,11.3,1,0,1
01-01-2007,03:41:00 AM,2.313,0.095,241.88,9.6,1,1,0
01-01-2007,03:42:00 AM,2.569,0.115,242.19,10.6,0,0,1
01-01-2007,03:43:00 AM,2.339,0.112,241.85,9.7,0,1,0
01-01-2007,03:44:00 AM,2.453,0.081,241.64,10.2,0,0,1
01-01-2007,03:45:00 AM,2.609,0.122,241.01,10.8,0,0,1
01-01-2007,03:46:00 AM,2.506,0.089,241.08,10.4,1,1,0
01-01-2007,03:47:00 AM,2.392,0.116,242.12,9.9,0,0,0
01-01-2007,03:48:00 AM,2.428,0.107,241.89,10.0,0,0,1
01-01-2007,03:49:00 AM,2.568,0.137,241.48,10.6,0,1,0
01-01-2007,03:50:00 AM,2.427,0.096,241.29,10.1,0,0,0
01-01-2007,03:51:00 AM,2.522,0.093,240.49,10.5,1,1,1
01-01-2007,03:52:00 AM,2.505,0.1,240.96,10.4,0,0,1
01-01-2007,03:53:00 AM,2.435,0.094,242.46,10.0,1,1,1
01-01-2007,03:54:00 AM,2.714,0.116,240.86,11.3,0,1,0
01-01-2007,03:55:00 AM,2.563,0.068,241.59,10.6,1,1,1
01-01-2007,03:56:00 AM,2.297,0.079,242.0,9.5,1,1,1
01-01-2007,03:57:00 AM,2.519,0.079,240.87,10.5,0,0,1
01-01-2007,03:58:00 AM,2.434,0.119,241.59,10.1,1,0,1
01-01-2007,03:59:00 AM,2.585,0.134,241.97,10.7,0,1,1
01-01-2007,04:00:00 AM,2.421,0.098,241.51,10.0,1,0,0
01-01-2007,04:01:00 AM,2.489,0.097,242.93,10.2,1,0,1
01-01-2007,04:02:00 AM,2.55,0.101,240.67,10.6,1,0,1
01-01-2007,04:03:00 AM,2.587,0.123,242.03,10.7,0,1,0
01-01-2007,04:04:00 AM,2.38,0.081,241.41,9.9,1,0,1
01-01-2007,04:05:00 AM,2.467,0.105,241.89,10.2,0,0,1
01-01-2007,04:06:00 AM,2.453,0.12,241.72,10.1,1,1,0
01-01-2007,04:07:00 AM,2.435,0.11,241.13,10.1,1,0,1
01-01-2007,04:08:00 AM,2.677,0.104,241.61,11.1,1,1,0
01-01-2007,04:09:00 AM,2.54,0.12,240.57,10.6,1,1,1
01-01-2007,04:10:00 AM,2.374,0.046,241.8,9.8,1,1,0
01-01-2007,04:11:00 AM,2.592,0.114,241.65,10.7,1,0,0
01-01-2007,04:12:00 AM,2.712,0.087,241.82,11.2,0,0,1
01-01-2007,04:13:00 AM,2.603,0.063,242.03,10.8,0,1,0
01-01-2007,04:14:00 AM,2.348,0.11,241.68,9.7,0,1,0
01-01-2007,04:15:00 AM,2.452,0.127,241.57,10.2,1,1,1
01-01-2007,04:16:00 AM,2.627,0.097,241.06,10.9,0,1,1
01-01-2007,04:17:00 AM,2.429,0.119,241.14,10.1,1,1,0
01-01-2007,04:18:00 AM,2.544,0.132,242.09,10.5,0,1,1
01-01-2007,04:19:00 AM,2.577,0.126,242.22,10.6,0,0,0
01-01-2007,04:20:00 AM,2.407,0.133,241.38,10.0,1,1,0
01-01-2007,04:21:00 AM,2.494,0.115,241.52,10.3,1,1,1
01-01-2007,04:22:00 AM,2.176,0.102,241.05,9.0,0,1,1
01-01-2007,04:23:00 AM,2.398,0.068,242.09,9.9,0,0,0
01-01-2007,04:24:00 AM,2.475,0.095,241.83,10.2,0,0,1
01-01-2007,04:25:00 AM,2.375,0.083,242.47,9.8,0,0,1
01-01-2007,04:26:00 AM,2.663,0.143,241.06,11.0,1,0,0
01-01-2007,04:27:00 AM,2.357,0.096,241.31,9.8,0,1,0
01-01-2007,04:28:00 AM,2.456,0.102,241.62,10.2,1,0,0
01-01-2007,04:29:00 AM,2.513,0.111,241.82,10.4,1,1,0
01-01-2007,04:30:00 AM,2.644,0.101,241.39,11.0,0,1,0
01-01-2007,04:31:00 AM,2.356,0.134,241.06,9.8,1,1,0
01-01-2007,04:32:00 AM,2.616,0.088,241.94,10.8,0,1,1
01-01-2007,04:33:00 AM,2.501,0.104,241.86,10.3,1,1,0
01-01-2007,04:34:00 AM,2.402,0.085,241.04,10.0,1,1,1
01-01-2007,04:35:00 AM,2.546,0.074,242.18,10.5,0,0,1
01-01-2007,04:36:00 AM,2.52,0.088,242.09,10.4,1,0,0
01-01-2007,04:37:00 AM,2.44,0.099,241.57,10.1,1,0,1
01-01-2007,04:38:00 AM,2.507,0.091,241.54,10.4,0,0,0
01-01-2007,04:39:00 AM,2.461,0.086,241.78,10.2,1,0,1
01-01-2007,04:40:00 AM,2.511,0.072,241.07,10.4,1,1,0
01-01-2007,04:41:00 AM,2.566,0.098,241.52,10.6,0,0,0
01-01-2007,04:42:00 AM,2.659,0.07,240.42,11.1,0,0,0
01-01-2007,04:43:00 AM,2.376,0.115,241.94,9.8,1,0,0
01-01-2007,04:44:00 AM,2.713,0.102,240.72,11.3,1,1,1
01-01-2007,04:45:00 AM,2.305,0.071,242.25,9.5,1,1,1
01-01-2007,04:46:00 AM,2.485,0.094,241.33,10.3,0,1,1
01-01-2007,04:47:00 AM,2.559,0.085,241.39,10.6,1,0,1
01-01-2007,04:48:00 AM,2.528,0.106,241.19,10.5,1,0,1
01-01-2007,04:49:00 AM,2.438,0.127,241.36,10.1,1,0,0
01-01-2007,04:50:00 AM,2.479,0.062,242.21,10.2,1,0,0
01-01-2007,04:51:00 AM,2.451,0.102,240.26,10.2,1,0,0
01-01-2007,04:52:00 AM,2.441,0.097,242.14,10.1,1,1,0
01-01-2007,04:53:00 AM,2.585,0.113,241.67,10.7,0,0,0
01-01-2007,04:54:00 AM,2.536,0.104,240.9,10.5,0,1,1
01-01-2007,04:55:00 AM,2.431,0.085,240.96,10.1,1,0,0
01-01-2007,04:56:00 AM,2.59,0.094,242.34,10.7,1,1,0
01-01-2007,04:57:00 AM,2.531,0.084,241.03,10.5,0,1,1
01-01-2007,04:58:00 AM,2.581,0.122,240.92,10.7,0,1,1
01-01-2007,04:59:00 AM,2.563,0.1,242.07,10.6,0,1,0
01-01-2007,05:00:00 AM,2.417,0.138,241.67,10.0,1,0,0
01-01-2007,05:01:00 AM,2.444,0.099,241.03,10.1,1,0,1
01-01-2007,05:02:00 AM,2.575,0.086,241.61,10.7,1,0,0
01-01-2007,05:03:00 AM,2.561,0.07,240.99,10.6,1,1,0
01-01-2007,05:04:00 AM,2.498,0.064,242.05,10.3,0,0,0
01-01-2007,05:05:00 AM,2.512,0.068,242.03,10.4,0,0,1
01-01-2007,05:06:00 AM,2.628,0.105,241.77,10.9,0,0,0
01-01-2007,05:07:00 AM,2.441,0.11,241.68,10.1,0,0,0
01-01-2007,05:08:00 AM,2.555,0.068,242.38,10.5,1,1,1
01-01-2007,05:09:00 AM,2.48,0.118,241.5,10.3,1,1,1
01-01-2007,05:10:00 AM,2.478,0.09,240.91,10.3,0,0,1
01-01-2007,05:11:00 AM,2.61,0.103,241.72,10.8,0,0,0
01-01-2007,05:12:00 AM,2.583,0.132,242.54,10.6,0,0,1
01-01-2007,05:13:00 AM,2.581,0.118,240.99,10.7,0,1,0
01-01-2007,05:14:00 AM,2.631,0.095,241.32,10.9,0,1,1
01-01-2007,05:15:00 AM,2.502,0.082,241.71,10.4,1,1,0
01-01-2007,05:16:00 AM,2.568,0.057,241.47,10.6,1,0,1
01-01-2007,05:17:00 AM,2.469,0.086,241.01,10.2,0,1,0
01-01-2007,05:18:00 AM,2.532,0.096,242.06,10.5,0,1,0
01-01-2007,05:19:00 AM,2.487,0.08,242.66,10.2,0,1,1
01-01-2007,05:20:00 AM,2.51,0.097,241.6,10.4,1,1,1
01-01-2007,05:21:00 AM,2.56,0.102,241.05,10.6,1,1,0
01-01-2007,05:22:00 AM,2.418,0.096,240.73,10.0,1,0,1
01-01-2007,05:23:00 AM,2.709,0.087,241.63,11.2,0,0,0
01-01-2007,05:24:00 AM,2.399,0.103,242.05,9.9,1,0,1
01-01-2007,05:25:00 AM,2.379,0.109,241.74,9.8,0,0,1
01-01-2007,05:26:00 AM,2.616,0.078,241.5,10.8,1,1,0
01-01-2007,05:27:00 AM,2.579,0.128,241.21,10.7,1,0,1
01-01-2007,05:28:00 AM,2.562,0.098,240.95,10.6,1,0,1
01-01-2007,05:29:00 AM,2.563,0.1,241.92,10.6,0,0,0
01-01-2007,05:30:00 AM,2.499,0.114,241.96,10.3,0,1,0
01-01-2007,05:31:00 AM,2.41,0.105,240.73,10.0,1,0,1
01-01-2007,05:32:00 AM,2.508,0.119,242.29,10.4,0,1,0
01-01-2007,05:33:00 AM,2.432,0.106,241.79,10.1,0,1,1
01-01-2007,05:34:00 AM,2.598,0.088,242.2,10.7,0,1,1
01-01-2007,05:35:00 AM,2.485,0.107,240.83,10.3,0,0,0
01-01-2007,05:36:00 AM,2.417,0.077,240.82,10.0,0,1,0
01-01-2007,05:37:00 AM,2.468,0.102,241.43,10.2,0,0,0
01-01-2007,05:38:00 AM,2.541,0.099,241.75,10.5,0,0,0
01-01-2007,05:39:00 AM,2.444,0.096,242.4,10.1,1,0,0
01-01-2007,05:40:00 AM,2.418,0.097,241.85,10.0,0,1,0
01-01-2007,05:41:00 AM,2.524,0.062,241.38,10.5,0,1,1
01-01-2007,05:42:00 AM,2.524,0.089,240.99,10.5,1,0,1
01-01-2007,05:43:00 AM,2.449,0.102,242.12,10.1,1,1,0
01-01-2007,05:44:00 AM,2.453,0.103,241.02,10.2,1,1,1
01-01-2007,05:45:00 AM,2.523,0.079,242.31,10.4,1,1,1
01-01-2007,05:46:00 AM,2.355,0.125,241.36,9.8,0,0,1
01-01-2007,05:47:00 AM,2.359,0.083,242.3,9.7,1,1,1
01-01-2007,05:48:00 AM,2.428,0.119,241.84,10.0,1,1,0
01-01-2007,05:49:00 AM,2.479,0.109,241.43,10.3,0,0,1
01-01-2007,05:50:00 AM,2.531,0.087,241.24,10.5,0,1,1
01-01-2007,05:51:00 AM,2.648,0.136,241.33,11.0,0,0,0
01-01-2007,05:52:00 AM,2.586,0.076,241.71,10.7,1,1,0
01-01-2007,05:53:00 AM,2.484,0.118,241.54,10.3,0,1,0
01-01-2007,05:54:00 AM,2.498,0.12,241.2,10.4,1,1,0
01-01-2007,05:55:00 AM,2.4,0.087,241.42,9.9,0,1,1
01-01-2007,05:56:00 AM,2.498,0.128,241.54,10.3,0,1,0
01-01-2007,05:57:00 AM,2.471,0.095,240.44,10.3,1,1,1
01-01-2007,05:58:00 AM,2.532,0.106,241.73,10.5,0,0,1
01-01-2007,05:59:00 AM,2.417,0.105,241.01,10.0,0,1,0
01-01-2007,06:00:00 AM,2.552,0.097,240.92,10.6,0,1,0
01-01-2007,06:01:00 AM,2.653,0.116,240.66,11.0,0,1,0
01-01-2007,06:02:00 AM,2.489,0.116,240.6,10.3,0,0,0
01-01-2007,06:03:00 AM,2.54,0.065,240.82,10.5,1,0,0
01-01-2007,06:04:00 AM,2.569,0.126,241.15,10.7,1,0,0
01-01-2007,06:05:00 AM,2.46,0.067,242.48,10.1,0,1,1
01-01-2007,06:06:00 AM,2.522,0.121,241.24,10.5,1,1,1
01-01-2007,06:07:00 AM,2.501,0.123,241.59,10.4,1,0,1
01-01-2007,06:08:00 AM,2.51,0.078,241.7,10.4,1,0,1
01-01-2007,06:09:00 AM,2.423,0.092,241.57,10.0,0,0,0
01-01-2007,06:10:00 AM,2.502,0.078,241.46,10.4,0,1,0
01-01-2007,06:11:00 AM,2.55,0.096,240.9,10.6,0,0,1
01-01-2007,06:12:00 AM,2.645,0.094,242.23,10.9,1,1,1
01-01-2007,06:13:00 AM,2.596,0.116,242.4,10.7,1,1,1
01-01-2007,06:14:00 AM,2.715,0.126,240.66,11.3,0,1,0
01-01-2007,06:15:00 AM,2.423,0.128,240.99,10.1,0,0,0
01-01-2007,06:16:00 AM,2.587,0.089,241.36,10.7,1,1,0
01-01-2007,06:17:00 AM,2.518,0.096,241.02,10.4,1,0,1
01-01-2007,06:18:00 AM,2.719,0.066,241.75,11.2,0,0,1
01-01-2007,06:19:00 AM,2.419,0.084,241.14,10.0,1,0,0
01-01-2007,06:20:00 AM,2.416,0.119,242.58,10.0,1,0,0
01-01-2007,06:21:00 AM,2.44,0.132,242.1,10.1,1,1,1
01-01-2007,06:22:00 AM,2.288,0.075,241.61,9.5,1,1,1
01-01-2007,06:23:00 AM,2.447,0.088,242.01,10.1,1,1,0
01-01-2007,06:24:00 AM,2.424,0.099,242.05,10.0,1,1,1
01-01-2007,06:25:00 AM,2.515,0.106,241.22,10.4,1,0,0
01-01-2007,06:26:00 AM,2.534,0.084,241.09,10.5,0,0,0
01-01-2007,06:27:00 AM,2.688,0.108,241.54,11.1,0,0,1
01-01-2007,06:28:00 AM,2.595,0.091,241.93,10.7,1,0,1
01-01-2007,06:29:00 AM,2.442,0.1,241.57,10.1,1,1,1
01-01-2007,06:30:00 AM,2.41,0.111,240.71,10.0,1,0,0
01-01-2007,06:31:00 AM,2.549,0.1,241.1,10.6,0,1,1
01-01-2007,06:32:00 AM,2.368,0.091,241.46,9.8,0,0,1
01-01-2007,06:33:00 AM,2.683,0.098,241.46,11.1,1,0,0
01-01-2007,06:34:00 AM,2.618,0.098,242.49,10.8,0,0,0
01-01-2007,06:35:00 AM,2.453,0.093,240.81,10.2,1,0,1
01-01-2007,06:36:00 AM,2.329,0.095,241.75,9.6,1,1,0
01-01-2007,06:37:00 AM,2.635,0.132,242.24,10.9,1,1,0
01-01-2007,06:38:00 AM,2.489,0.111,242.64,10.3,1,1,0
01-01-2007,06:39:00 AM,2.624,0.094,241.3,10.9,1,1,1
01-01-2007,06:40:00 AM,2.341,0.114,241.75,9.7,1,0,1
01-01-2007,06:41:00 AM,2.44,0.093,241.78,10.1,1,0,0
01-01-2007,06:42:00 AM,2.501,0.123,241.6,10.4,0,1,0
01-01-2007,06:43:00 AM,2.505,0.107,241.45,10.4,1,1,0
01-01-2007,06:44:00 AM,2.455,0.098,241.72,10.2,0,0,1
01-01-2007,06:45:00 AM,2.562,0.109,240.23,10.7,1,0,0
01-01-2007,06:46:00 AM,2.393,0.069,241.84,9.9,1,1,0
01-01-2007,06:47:00 AM,2.486,0.077,241.56,10.3,0,1,1
01-01-2007,06:48:00 AM,2.512,0.076,241.39,10.4,0,1,0
01-01-2007,06:49:00 AM,2.551,0.103,242.52,10.5,1,0,1
01-01-2007,06:50:00 AM,2.571,0.135,241.16,10.7,0,1,1
01-01-2007,06:51:00 AM,2.388,0.145,241.3,9.9,1,1,1
01-01-2007,06:52:00 AM,2.347,0.113,242.5,9.7,1,1,0
01-01-2007,06:53:00 AM,2.628,0.11,241.08,10.9,0,1,0
01-01-2007,06:54:00 AM,2.533,0.064,241.22,10.5,0,1,1
01-01-2007,06:55:00 AM,2.425,0.089,241.43,10.0,0,0,0
01-01-2007,06:56:00 AM,2.655,0.084,241.92,11.0,0,1,1
01-01-2007,06:57:00 AM,2.512,0.088,241.6,10.4,1,0,0
01-01-2007,06:58:00 AM,2.618,0.097,240.85,10.9,0,1,1
01-01-2007,06:59:00 AM,2.507,0.091,241.23,10.4,0,1,1
01-01-2007,07:00:00 AM,2.706,0.06,241.2,11.2,0,1,0
01-01-2007,07:01:00 AM,2.676,0.115,241.46,11.1,0,0,0
01-01-2007,07:02:00 AM,2.475,0.079,241.71,10.2,0,0,0
01-01-2007,07:03:00 AM,2.597,0.105,241.71,10.7,1,0,0
01-01-2007,07:04:00 AM,2.565,0.141,240.61,10.7,1,1,1
01-01-2007,07:05:00 AM,2.637,0.082,242.03,10.9,0,1,1
01-01-2007,07:06:00 AM,2.404,0.049,241.63,9.9,0,0,0
01-01-2007,07:07:00 AM,2.569,0.094,242.19,10.6,1,0,0
01-01-2007,07:08:00 AM,2.606,0.122,241.72,10.8,0,1,1
01-01-2007,07:09:00 AM,2.324,0.139,242.05,9.6,1,0,0
01-01-2007,07:10:00 AM,2.382,0.075,241.73,9.9,1,1,0
01-01-2007,07:11:00 AM,2.296,0.11,242.17,9.5,0,0,0
01-01-2007,07:12:00 AM,2.473,0.091,241.76,10.2,1,0,0
01-01-2007,07:13:00 AM,2.572,0.098,241.45,10.7,0,0,1
01-01-2007,07:14:00 AM,2.65,0.153,242.64,10.9,0,1,1
01-01-2007,07:15:00 AM,2.507,0.07,241.94,10.4,1,1,0
01-01-2007,07:16:00 AM,2.663,0.105,241.79,11.0,1,0,1
01-01-2007,07:17:00 AM,2.362,0.109,240.86,9.8,0,1,0
01-01-2007,07:18:00 AM,2.33,0.122,240.86,9.7,1,1,0
01-01-2007,07:19:00 AM,2.494,0.102,241.65,10.3,0,1,0
01-01-2007,07:20:00 AM,2.538,0.106,241.57,10.5,1,1,1
01-01-2007,07:21:00 AM,2.497,0.092,241.19,10.4,1,0,1
01-01-2007,07:22:00 AM,2.293,0.105,241.57,9.5,0,1,1
01-01-2007,07:23:00 AM,2.491,0.093,242.29,10.3,0,1,1
01-01-2007,07:24:00 AM,2.37,0.112,241.85,9.8,0,0,1
01-01-2007,07:25:00 AM,2.567,0.093,240.93,10.7,1,1,0
01-01-2007,07:26:00 AM,2.537,0.108,241.44,10.5,0,1,0
01-01-2007,07:27:00 AM,2.406,0.099,241.1,10.0,0,1,1
01-01-2007,07:28:00 AM,2.449,0.123,241.31,10.1,1,0,1
01-01-2007,07:29:00 AM,2.394,0.099,241.29,9.9,1,0,1
01-01-2007,07:30:00 AM,2.494,0.065,241.26,10.3,0,1,0
01-01-2007,07:31:00 AM,2.596,0.125,240.87,10.8,0,1,1
01-01-2007,07:32:00 AM,2.401,0.082,241.44,9.9,0,0,0
01-01-2007,07:33:00 AM,2.55,0.087,241.22,10.6,0,0,0
01-01-2007,07:34:00 AM,2.447,0.088,240.04,10.2,1,0,1
01-01-2007,07:35:00 AM,2.421,0.127,242.53,10.0,1,1,0
01-01-2007,07:36:00 AM,2.489,0.057,242.04,10.3,0,1,0
01-01-2007,07:37:00 AM,2.396,0.163,241.31,9.9,0,0,1
01-01-2007,07:38:00 AM,2.445,0.121,241.51,10.1,0,1,0
01-01-2007,07:39:00 AM,2.38,0.104,240.91,9.9,1,1,1
01-01-2007,07:40:00 AM,2.696,0.099,242.35,11.1,0,1,0
01-01-2007,07:41:00 AM,2.504,0.106,242.45,10.3,0,1,1
01-01-2007,07:42:00 AM,2.43,0.11,241.58,10.1,1,1,1
01-01-2007,07:43:00 AM,2.521,0.113,242.01,10.4,1,1,0
01-01-2007,07:44:00 AM,2.489,0.111,241.59,10.3,0,1,1
01-01-2007,07:45:00 AM,2.478,0.102,240.83,10.3,0,0,0
01-01-2007,07:46:00 AM,2.561,0.096,241.29,10.6,1,0,0
01-01-2007,07:47:00 AM,2.576,0.097,241.57,10.7,0,0,1
01-01-2007,07:48:00 AM,2.447,0.096,241.27,10.1,0,0,0
01-01-2007,07:49:00 AM,2.442,0.123,241.39,10.1,1,0,1
01-01-2007,07:50:00 AM,2.472,0.112,241.45,10.2,1,0,0
01-01-2007,07:51:00 AM,2.27,0.041,241.46,9.4,1,0,0
01-01-2007,07:52:00 AM,2.348,0.113,241.53,9.7,0,0,1
01-01-2007,07:53:00 AM,2.637,0.104,240.97,10.9,1,0,0
01-01-2007,07:54:00 AM,2.664,0.1,241.14,11.0,1,1,0
01-01-2007,07:55:00 AM,2.475,0.092,240.86,10.3,0,1,0
01-01-2007,07:56:00 AM,2.558,0.122,241.99,10.6,0,0,0
01-01-2007,07:57:00 AM,2.531,0.119,240.45,10.5,1,1,0
01-01-2007,07:58:00 AM,2.808,0.085,242.08,11.6,1,1,0
01-01-2007,07:59:00 AM,2.612,0.108,242.19,10.8,0,0,0
01-01-2007,08:00:00 AM,2.487,0.081,241.35,10.3,0,0,0
01-01-2007,08:01:00 AM,2.404,0.072,240.2,10.0,1,0,1
01-01-2007,08:02:00 AM,2.339,0.087,241.32,9.7,1,1,0
01-01-2007,08:03:00 AM,2.52,0.117,241.47,10.4,0,1,0
01-01-2007,08:04:00 AM,2.424,0.119,240.99,10.1,1,0,1
01-01-2007,08:05:00 AM,2.358,0.11,241.24,9.8,0,1,1
01-01-2007,08:06:00 AM,2.435,0.115,242.27,10.1,1,1,1
01-01-2007,08:07:00 AM,2.392,0.11,241.83,9.9,0,1,0
01-01-2007,08:08:00 AM,2.669,0.087,241.04,11.1,0,0,1
01-01-2007,08:09:00 AM,2.588,0.109,240.7,10.8,1,1,1
01-01-2007,08:10:00 AM,2.499,0.116,241.34,10.4,1,1,0
01-01-2007,08:11:00 AM,2.648,0.115,241.39,11.0,0,1,0
01-01-2007,08:12:00 AM,2.508,0.124,241.75,10.4,1,1,1
01-01-2007,08:13:00 AM,2.414,0.114,241.23,10.0,1,1,1
01-01-2007,08:14:00 AM,2.652,0.107,241.76,11.0,1,1,0
01-01-2007,08:15:00 AM,2.554,0.121,242.47,10.5,0,1,0
01-01-2007,08:16:00 AM,2.396,0.099,241.91,9.9,1,0,0
01-01-2007,08:17:00 AM,2.481,0.082,241.48,10.3,1,0,0
01-01-2007,08:18:00 AM,2.412,0.097,241.41,10.0,0,1,0
01-01-2007,08:19:00 AM,2.362,0.085,241.32,9.8,1,0,1
01-01-2007,08:20:00 AM,2.593,0.086,242.09,10.7,1,1,0
01-01-2007,08:21:00 AM,2.691,0.097,241.19,11.2,0,1,0
01-01-2007,08:22:00 AM,2.36,0.084,241.52,9.8,0,1,0
01-01-2007,08:23:00 AM,2.556,0.094,241.53,10.6,1,0,0
01-01-2007,08:24:00 AM,2.435,0.062,241.25,10.1,1,1,0
01-01-2007,08:25:00 AM,2.451,0.104,240.81,10.2,0,1,1
01-01-2007,08:26:00 AM,2.441,0.1,241.66,10.1,0,0,0
01-01-2007,08:27:00 AM,2.414,0.084,241.47,10.0,1,0,1
01-01-2007,08:28:00 AM,2.505,0.113,241.75,10.4,1,1,0
01-01-2007,08:29:00 AM,2.417,0.119,241.23,10.0,1,0,1
01-01-2007,08:30:00 AM,2.527,0.068,242.11,10.4,0,0,1
01-01-2007,08:31:00 AM,2.495,0.085,241.06,10.4,1,1,0
01-01-2007,08:32:00 AM,2.476,0.085,242.36,10.2,0,1,0
01-01-2007,08:33:00 AM,2.409,0.081,240.63,10.0,0,1,0
01-01-2007,08:34:00 AM,2.442,0.117,241.72,10.1,0,0,0
01-01-2007,08:35:00 AM,2.576,0.096,241.74,10.7,1,0,0
01-01-2007,08:36:00 AM,2.55,0.095,241.1,10.6,1,0,1
01-01-2007,08:37:00 AM,2.402,0.06,241.71,9.9,1,1,0
01-01-2007,08:38:00 AM,2.51,0.113,242.14,10.4,0,0,0
01-01-2007,08:39:00 AM,2.575,0.075,240.39,10.7,1,0,1
01-01-2007,08:40:00 AM,2.333,0.101,241.75,9.7,0,1,0
01-01-2007,08:41:00 AM,2.554,0.106,240.25,10.6,0,1,1
01-01-2007,08:42:00 AM,2.434,0.127,241.02,10.1,0,1,0
01-01-2007,08:43:00 AM,2.557,0.074,242.31,10.6,0,0,1
01-01-2007,08:44:00 AM,2.424,0.04,241.21,10.0,0,1,0
01-01-2007,08:45:00 AM,2.32,0.104,240.91,9.6,0,0,1
01-01-2007,08:46:00 AM,2.337,0.136,241.4,9.7,1,0,1
01-01-2007,08:47:00 AM,2.505,0.125,242.53,10.3,0,1,0
01-01-2007,08:48:00 AM,2.526,0.104,240.58,10.5,1,1,0
01-01-2007,08:49:00 AM,2.41,0.09,240.97,10.0,0,1,0
01-01-2007,08:50:00 AM,2.564,0.116,242.25,10.6,1,1,1
01-01-2007,08:51:00 AM,2.334,0.081,242.43,9.6,1,1,1
01-01-2007,08:52:00 AM,2.493,0.11,241.45,10.3,1,0,1
01-01-2007,08:53:00 AM,2.379,0.11,240.88,9.9,1,0,0
01-01-2007,08:54:00 AM,2.435,0.121,242.55,10.0,0,0,0
01-01-2007,08:55:00 AM,2.505,0.155,242.3,10.3,0,1,1
01-01-2007,08:56:00 AM,2.414,0.108,241.84,10.0,0,0,0
01-01-2007,08:57:00 AM,2.462,0.09,241.09,10.2,0,1,1
01-01-2007,08:58:00 AM,2.601,0.099,241.48,10.8,1,1,0
01-01-2007,08:59:00 AM,2.442,0.065,241.42,10.1,1,0,0
01-01-2007,09:00:00 AM,2.584,0.086,241.67,10.7,1,0,1
01-01-2007,09:01:00 AM,2.387,0.092,242.23,9.9,0,1,0
01-01-2007,09:02:00 AM,2.553,0.09,241.94,10.6,1,0,0
01-01-2007,09:03:00 AM,2.644,0.103,240.96,11.0,0,1,0
01-01-2007,09:04:00 AM,2.253,0.084,242.19,9.3,1,0,0
01-01-2007,09:05:00 AM,2.42,0.122,241.66,10.0,1,0,0
01-01-2007,09:06:00 AM,2.558,0.1,241.84,10.6,1,0,1
01-01-2007,09:07:00 AM,2.48,0.1,242.23,10.2,1,0,0
01-01-2007,09:08:00 AM,2.537,0.093,240.94,10.5,1,0,1
01-01-2007,09:09:00 AM,2.44,0.103,241.48,10.1,0,1,0
01-01-2007,09:10:00 AM,2.509,0.117,241.23,10.4,1,0,0
01-01-2007,09:11:00 AM,2.484,0.083,240.72,10.3,0,0,1
01-01-2007,09:12:00 AM,2.617,0.087,241.67,10.8,0,0,1
01-01-2007,09:13:00 AM,2.525,0.094,242.76,10.4,0,1,0
01-01-2007,09:14:00 AM,2.534,0.073,240.58,10.5,0,1,0
01-01-2007,09:15:00 AM,2.459,0.084,241.48,10.2,0,1,1
01-01-2007,09:16:00 AM,2.451,0.09,241.82,10.1,0,1,1
01-01-2007,09:17:00 AM,2.457,0.117,241.56,10.2,0,1,1
01-01-2007,09:18:00 AM,2.539,0.105,241.44,10.5,0,0,1
01-01-2007,09:19:00 AM,2.458,0.104,240.85,10.2,1,0,0
01-01-2007,09:20:00 AM,2.529,0.117,241.62,10.5,1,0,0
01-01-2007,09:21:00 AM,2.708,0.097,241.12,11.2,0,1,0
01-01-2007,09:22:00 AM,2.587,0.108,240.41,10.8,0,1,0
01-01-2007,09:23:00 AM,2.467,0.098,242.1,10.2,0,0,0
01-01-2007,09:24:00 AM,2.62,0.105,241.98,10.8,1,1,1
01-01-2007,09:25:00 AM,2.459,0.088,241.53,10.2,1,1,1
01-01-2007,09:26:00 AM,2.296,0.051,241.61,9.5,0,1,1
01-01-2007,09:27:00 AM,2.399,0.097,242.04,9.9,0,0,0
01-01-2007,09:28:00 AM,2.313,0.128,241.61,9.6,1,0,1
01-01-2007,09:29:00 AM,2.465,0.119,241.95,10.2,1,1,0
01-01-2007,09:30:00 AM,2.502,0.119,241.35,10.4,0,1,0
01-01-2007,09:31:00 AM,2.668,0.125,242.16,11.0,0,1,0
01-01-2007,09:32:00 AM,2.533,0.102,241.66,10.5,0,1,1
01-01-2007,09:33:00 AM,2.478,0.104,241.6,10.3,0,0,0
01-01-2007,09:34:00 AM,2.583,0.088,240.86,10.7,1,1,0
01-01-2007,09:35:00 AM,2.279,0.094,241.64,9.4,1,0,1
01-01-2007,09:36:00 AM,2.524,0.112,241.08,10.5,0,0,0
01-01-2007,09:37:00 AM,2.577,0.124,241.18,10.7,0,0,1
01-01-2007,09:38:00 AM,2.352,0.097,241.09,9.8,0,1,0
01-01-2007,09:39:00 AM,2.614,0.091,240.97,10.8,1,0,1
01-01-2007,09:40:00 AM,2.534,0.1,242.56,10.4,0,0,0
01-01-2007,09:41:00 AM,2.458,0.112,242.17,10.1,0,1,0
01-01-2007,09:42:00 AM,2.563,0.071,242.46,10.6,0,1,1
01-01-2007,09:43:00 AM,2.727,0.054,240.89,11.3,1,1,0
01-01-2007,09:44:00 AM,2.518,0.089,241.54,10.4,0,0,1
01-01-2007,09:45:00 AM,2.525,0.076,240.85,10.5,1,1,0
01-01-2007,09:46:00 AM,2.454,0.09,241.15,10.2,0,0,1
01-01-2007,09:47:00 AM,2.415,0.097,241.04,10.0,0,0,0
01-01-2007,09:48:00 AM,2.583,0.091,242.12,10.7,0,1,0
01-01-2007,09:49:00 AM,2.414,0.129,241.3,10.0,1,0,0
01-01-2007,09:50:00 AM,2.507,0.107,242.03,10.4,0,0,1
01-01-2007,09:51:00 AM,2.452,0.106,241.8,10.1,0,0,1
01-01-2007,09:52:00 AM,2.548,0.112,242.65,10.5,1,0,1
01-01-2007,09:53:00 AM,2.533,0.077,240.76,10.5,1,1,1
01-01-2007,09:54:00 AM,2.604,0.121,242.13,10.8,1,0,1
01-01-2007,09:55:00 AM,2.449,0.098,242.07,10.1,0,1,0
01-01-2007,09:56:00 AM,2.473,0.113,241.01,10.3,1,0,0
01-01-2007,09:57:00 AM,2.402,0.079,242.0,9.9,0,0,0
01-01-2007,09:58:00 AM,2.456,0.069,241.67,10.2,1,1,0
01-01-2007,09:59:00 AM,2.538,0.116,241.39,10.5,1,0,0
01-01-2007,10:00:00 AM,2.576,0.108,241.09,10.7,1,0,1
01-01-2007,10:01:00 AM,2.408,0.082,241.14,10.0,0,0,0
01-01-2007,10:02:00 AM,2.587,0.083,242.52,10.7,0,0,1
01-01-2007,10:03:00 AM,2.636,0.123,241.5,10.9,0,0,0
01-01-2007,10:04:00 AM,2.541,0.076,241.89,10.5,0,0,1
01-01-2007,10:05:00 AM,2.688,0.133,241.1,11.1,0,1,1
01-01-2007,10:06:00 AM,2.423,0.082,241.11,10.0,0,1,1
01-01-2007,10:07:00 AM,2.376,0.113,242.04,9.8,0,1,0
01-01-2007,10:08:00 AM,2.322,0.093,240.83,9.6,0,0,0
01-01-2007,10:09:00 AM,2.65,0.112,241.29,11.0,0,0,0
01-01-2007,10:10:00 AM,2.565,0.089,241.52,10.6,1,0,0
01-01-2007,10:11:00 AM,2.494,0.097,241.56,10.3,1,1,1
01-01-2007,10:12:00 AM,2.528,0.101,241.41,10.5,0,0,1
01-01-2007,10:13:00 AM,2.387,0.08,241.7,9.9,0,1,1
01-01-2007,10:14:00 AM,2.745,0.115,241.85,11.4,0,0,1
01-01-2007,10:15:00 AM,2.513,0.09,241.87,10.4,0,0,0
01-01-2007,10:16:00 AM,2.511,0.095,241.01,10.4,1,0,1
01-01-2007,10:17:00 AM,2.573,0.08,241.36,10.7,1,1,0
01-01-2007,10:18:00 AM,2.548,0.049,242.1,10.5,0,0,1
01-01-2007,10:19:00 AM,2.522,0.096,241.95,10.4,1,1,1
01-01-2007,10:20:00 AM,2.421,0.148,240.81,10.1,1,0,1
01-01-2007,10:21:00 AM,2.547,0.116,241.68,10.5,0,0,0
01-01-2007,10:22:00 AM,2.688,0.1,240.51,11.2,0,1,0
01-01-2007,10:23:00 AM,2.635,0.095,241.52,10.9,0,0,1
01-01-2007,10:24:00 AM,2.659,0.1,242.45,11.0,0,0,1
01-01-2007,10:25:00 AM,2.449,0.111,241.03,10.2,1,0,1
01-01-2007,10:26:00 AM,2.401,0.076,241.08,10.0,0,0,0
01-01-2007,10:27:00 AM,2.487,0.122,241.88,10.3,1,1,0
01-01-2007,10:28:00 AM,2.506,0.114,240.73,10.4,0,1,0
01-01-2007,10:29:00 AM,2.609,0.114,241.18,10.8,1,0,1
01-01-2007,10:30:00 AM,2.331,0.109,241.8,9.6,0,0,0
01-01-2007,10:31:00 AM,2.653,0.1,241.18,11.0,0,1,1
01-01-2007,10:32:00 AM,2.484,0.113,241.38,10.3,1,0,0
01-01-2007,10:33:00 AM,2.457,0.112,241.87,10.2,1,1,1
01-01-2007,10:34:00 AM,2.399,0.093,241.71,9.9,1,0,1
01-01-2007,10:35:00 AM,2.335,0.089,241.63,9.7,0,1,0
01-01-2007,10:36:00 AM,2.582,0.102,241.33,10.7,1,1,1
01-01-2007,10:37:00 AM,2.507,0.131,241.69,10.4,1,1,1
01-01-2007,10:38:00 AM,2.371,0.075,241.44,9.8,1,1,1
01-01-2007,10:39:00 AM,2.37,0.071,241.73,9.8,1,0,0
01-01-2007,10:40:00 AM,2.466,0.103,241.25,10.2,1,0,1
01-01-2007,10:41:00 AM,2.667,0.101,241.41,11.0,1,1,0
01-01-2007,10:42:00 AM,2.474,0.103,241.01,10.3,1,1,0
01-01-2007,10:43:00 AM,2.35,0.105,241.48,9.7,1,1,1
01-01-2007,10:44:00 AM,2.475,0.096,241.09,10.3,1,1,0
01-01-2007,10:45:00 AM,2.473,0.13,240.94,10.3,0,0,1
01-01-2007,10:46:00 AM,2.23,0.068,241.63,9.2,0,1,0
01-01-2007,10:47:00 AM,2.495,0.083,241.61,10.3,1,1,1
01-01-2007,10:48:00 AM,2.477,0.098,241.89,10.2,0,1,0
01-01-2007,10:49:00 AM,2.57,0.067,241.28,10.7,0,1,1
01-01-2007,10:50:00 AM,2.685,0.096,241.7,11.1,1,1,1
01-01-2007,10:51:00 AM,2.613,0.133,241.78,10.8,1,1,1
01-01-2007,10:52:00 AM,2.473,0.1,241.72,10.2,1,1,1
01-01-2007,10:53:00 AM,2.389,0.105,241.09,9.9,1,0,0
01-01-2007,10:54:00 AM,2.757,0.075,241.57,11.4,1,1,0
01-01-2007,10:55:00 AM,2.506,0.088,241.68,10.4,1,1,1
01-01-2007,10:56:00 AM,2.501,0.092,241.5,10.4,0,1,0
01-01-2007,10:57:00 AM,2.498,0.094,240.46,10.4,1,0,1
01-01-2007,10:58:00 AM,2.52,0.126,241.58,10.4,0,0,1
01-01-2007,10:59:00 AM,2.486,0.111,242.61,10.2,1,0,0
01-01-2007,11:00:00 AM,2.443,0.078,241.32,10.1,1,1,0
01-01-2007,11:01:00 AM,2.445,0.105,241.14,10.1,0,1,1
01-01-2007,11:02:00 AM,2.497,0.11,241.69,10.3,1,1,0
01-01-2007,11:03:00 AM,2.446,0.123,241.66,10.1,1,0,1
01-01-2007,11:04:00 AM,2.429,0.132,242.1,10.0,0,1,0
01-01-2007,11:05:00 AM,2.511,0.08,240.87,10.4,1,0,0
01-01-2007,11:06:00 AM,2.475,0.084,241.87,10.2,0,0,0
01-01-2007,11:07:00 AM,2.65,0.075,241.8,11.0,1,0,0
01-01-2007,11:08:00 AM,2.235,0.095,241.43,9.3,1,0,0
01-01-2007,11:09:00 AM,2.609,0.109,241.67,10.8,0,0,1
01-01-2007,11:10:00 AM,2.625,0.12,242.01,10.8,1,1,0
01-01-2007,11:11:00 AM,2.293,0.098,241.94,9.5,0,1,0
01-01-2007,11:12:00 AM,2.466,0.094,240.93,10.2,0,0,1
01-01-2007,11:13:00 AM,2.463,0.103,241.91,10.2,0,1,1
01-01-2007,11:14:00 AM,2.359,0.083,241.47,9.8,1,1,1
01-01-2007,11:15:00 AM,2.422,0.142,241.54,10.0,1,0,0
01-01-2007,11:16:00 AM,2.389,0.068,241.54,9.9,0,0,0
01-01-2007,11:17:00 AM,2.675,0.104,241.42,11.1,1,1,1
01-01-2007,11:18:00 AM,2.594,0.14,242.1,10.7,1,1,1
01-01-2007,11:19:00 AM,2.627,0.1,241.46,10.9,1,1,1
01-01-2007,11:20:00 AM,2.572,0.096,240.94,10.7,0,1,1
01-01-2007,11:21:00 AM,2.387,0.093,241.3,9.9,1,0,0
01-01-2007,11:22:00 AM,2.448,0.096,241.59,10.1,0,1,0
01-01-2007,11:23:00 AM,2.549,0.127,242.11,10.5,1,0,0
01-01-2007,11:24:00 AM,2.378,0.056,241.8,9.8,1,0,0
01-01-2007,11:25:00 AM,2.571,0.131,241.07,10.7,0,1,0
01-01-2007,11:26:00 AM,2.476,0.072,242.74,10.2,1,1,1
01-01-2007,11:27:00 AM,2.463,0.095,241.63,10.2,0,1,0
01-01-2007,11:28:00 AM,2.571,0.091,242.14,10.6,1,0,1
01-01-2007,11:29:00 AM,2.544,0.112,241.42,10.5,0,0,1
01-01-2007,11:30:00 AM,2.464,0.068,241.77,10.2,1,0,1
01-01-2007,11:31:00 AM,2.616,0.109,241.92,10.8,1,0,0
01-01-2007,11:32:00 AM,2.392,0.14,242.11,9.9,1,1,1
01-01-2007,11:33:00 AM,2.562,0.073,242.03,10.6,0,0,0
01-01-2007,11:34:00 AM,2.559,0.104,241.94,10.6,0,0,1
01-01-2007,11:35:00 AM,2.469,0.087,241.34,10.2,0,1,0
01-01-2007,11:36:00 AM,2.533,0.109,241.21,10.5,1,0,1
01-01-2007,11:37:00 AM,2.375,0.1,241.67,9.8,0,0,0
01-01-2007,11:38:00 AM,2.592,0.087,241.97,10.7,0,1,1
01-01-2007,11:39:00 AM,2.482,0.11,241.39,10.3,0,0,1
01-01-2007,11:40:00 AM,2.448,0.136,242.03,10.1,0,0,1
01-01-2007,11:41:00 AM,2.605,0.096,242.23,10.8,0,0,1
01-01-2007,11:42:00 AM,2.43,0.114,241.04,10.1,0,0,0
01-01-2007,11:43:00 AM,2.359,0.074,241.08,9.8,0,1,0
01-01-2007,11:44:00 AM,2.344,0.081,241.43,9.7,0,0,0
01-01-2007,11:45:00 AM,2.561,0.109,241.65,10.6,0,1,1
01-01-2007,11:46:00 AM,2.372,0.13,241.24,9.8,0,0,1
01-01-2007,11:47:00 AM,2.675,0.107,242.18,11.0,1,1,1
01-01-2007,11:48:00 AM,2.292,0.094,241.71,9.5,1,1,1
01-01-2007,11:49:00 AM,2.67,0.1,241.52,11.1,0,1,1
01-01-2007,11:50:00 AM,2.521,0.075,240.78,10.5,1,0,1
01-01-2007,11:51:00 AM,2.49,0.112,240.84,10.3,1,0,0
01-01-2007,11:52:00 AM,2.446,0.118,241.64,10.1,0,0,0
01-01-2007,11:53:00 AM,2.54,0.091,240.43,10.6,0,1,0
01-01-2007,11:54:00 AM,2.496,0.091,242.01,10.3,0,0,0
01-01-2007,11:55:00 AM,2.61,0.105,241.42,10.8,1,0,0
01-01-2007,11:56:00 AM,2.511,0.091,243.12,10.3,0,0,0
01-01-2007,11:57:00 AM,2.515,0.099,242.65,10.4,1,0,0
01-01-2007,11:58:00 AM,2.464,0.142,241.41,10.2,0,1,0
01-01-2007,11:59:00 AM,2.494,0.095,241.45,10.3,1,1,1
01-01-2007,12:00:00 PM,2.531,0.093,242.0,10.5,1,0,1
01-01-2007,12:01:00 PM,2.329,0.087,242.35,9.6,0,0,1
01-01-2007,12:02:00 PM,2.365,0.115,240.68,9.8,0,0,1
01-01-2007,12:03:00 PM,2.574,0.096,240.61,10.7,1,1,1
01-01-2007,12:04:00 PM,2.517,0.087,241.19,10.4,1,0,1
01-01-2007,12:05:00 PM,2.482,0.126,241.79,10.3,0,1,1
01-01-2007,12:06:00 PM,2.502,0.128,241.75,10.3,0,1,0
01-01-2007,12:07:00 PM,2.535,0.088,242.03,10.5,1,0,0
01-01-2007,12:08:00 PM,2.446,0.063,240.9,10.2,0,0,1
01-01-2007,12:09:00 PM,2.422,0.12,240.34,10.1,1,0,0
01-01-2007,12:10:00 PM,2.52,0.086,241.93,10.4,0,1,0
01-01-2007,12:11:00 PM,2.402,0.116,241.09,10.0,0,1,0
01-01-2007,12:12:00 PM,2.541,0.061,240.49,10.6,0,0,0
01-01-2007,12:13:00 PM,2.33,0.118,241.57,9.6,1,1,0
01-01-2007,12:14:00 PM,2.603,0.076,241.9,10.8,0,0,1
01-01-2007,12:15:00 PM,2.547,0.115,241.44,10.5,1,0,0
01-01-2007,12:16:00 PM,2.526,0.1,241.27,10.5,0,1,1
01-01-2007,12:17:00 PM,2.598,0.081,241.42,10.8,1,1,1
01-01-2007,12:18:00 PM,2.667,0.092,241.31,11.1,1,1,1
01-01-2007,12:19:00 PM,2.601,0.114,240.83,10.8,0,1,0
01-01-2007,12:20:00 PM,2.316,0.102,241.14,9.6,1,0,1
01-01-2007,12:21:00 PM,2.372,0.112,241.76,9.8,1,0,1
01-01-2007,12:22:00 PM,2.438,0.14,241.66,10.1,1,0,1
01-01-2007,12:23:00 PM,2.503,0.069,241.58,10.4,1,1,1
01-01-2007,12:24:00 PM,2.552,0.132,241.0,10.6,0,0,0
01-01-2007,12:25:00 PM,2.427,0.102,241.41,10.1,0,1,1
01-01-2007,12:26:00 PM,2.519,0.082,240.41,10.5,0,1,1
01-01-2007,12:27:00 PM,2.424,0.073,241.59,10.0,1,1,1
01-01-2007,12:28:00 PM,2.439,0.096,242.21,10.1,1,0,1
01-01-2007,12:29:00 PM,2.359,0.118,240.76,9.8,0,1,0
01-01-2007,12:30:00 PM,2.408,0.097,241.21,10.0,0,1,1
01-01-2007,12:31:00 PM,2.365,0.13,241.66,9.8,1,1,1
01-01-2007,12:32:00 PM,2.402,0.071,242.13,9.9,0,1,1
01-01-2007,12:33:00 PM,2.605,0.1,241.28,10.8,0,1,1
01-01-2007,12:34:00 PM,2.405,0.075,241.15,10.0,1,1,1
01-01-2007,12:35:00 PM,2.763,0.107,240.52,11.5,0,1,1
01-01-2007,12:36:00 PM,2.549,0.118,241.55,10.6,1,1,0
01-01-2007,12:37:00 PM,2.518,0.092,242.52,10.4,0,1,1
01-01-2007,12:38:00 PM,2.414,0.048,241.64,10.0,1,1,0
01-01-2007,12:39:00 PM,2.57,0.104,241.49,10.6,1,1,0
01-01-2007,12:40:00 PM,2.442,0.109,241.66,10.1,1,1,1
01-01-2007,12:41:00 PM,2.512,0.108,241.49,10.4,1,0,0
01-01-2007,12:42:00 PM,2.756,0.125,241.09,11.4,1,0,1
01-01-2007,12:43:00 PM,2.49,0.079,241.91,10.3,0,1,0
01-01-2007,12:44:00 PM,2.615,0.114,241.61,10.8,0,1,1
01-01-2007,12:45:00 PM,2.43,0.124,241.51,10.1,0,1,0
01-01-2007,12:46:00 PM,2.497,0.064,241.01,10.4,1,0,0
01-01-2007,12:47:00 PM,2.677,0.106,242.15,11.1,0,0,1
01-01-2007,12:48:00 PM,2.437,0.09,241.83,10.1,1,0,0
01-01-2007,12:49:00 PM,2.681,0.098,241.22,11.1,1,1,0
01-01-2007,12:50:00 PM,2.571,0.107,242.0,10.6,0,1,0
01-01-2007,12:51:00 PM,2.444,0.09,241.25,10.1,1,1,0
01-01-2007,12:52:00 PM,2.563,0.086,241.11,10.6,0,1,0
01-01-2007,12:53:00 PM,2.597,0.101,241.12,10.8,1,0,1
01-01-2007,12:54:00 PM,2.562,0.078,240.61,10.6,1,1,0
01-01-2007,12:55:00 PM,2.343,0.078,241.74,9.7,0,0,0
01-01-2007,12:56:00 PM,2.427,0.114,240.58,10.1,1,0,1
01-01-2007,12:57:00 PM,2.475,0.077,240.89,10.3,0,1,1
01-01-2007,12:58:00 PM,2.493,0.113,240.46,10.4,1,0,1
01-01-2007,12:59:00 PM,2.562,0.109,241.46,10.6,0,0,0
01-01-2007,01:00:00 PM,2.518,0.065,241.42,10.4,1,0,0
01-01-2007,01:01:00 PM,2.366,0.086,241.34,9.8,0,0,0
01-01-2007,01:02:00 PM,2.538,0.124,240.98,10.5,0,1,0
01-01-2007,01:03:00 PM,2.561,0.08,240.91,10.6,1,1,1
01-01-2007,01:04:00 PM,2.556,0.091,241.73,10.6,0,0,1
01-01-2007,01:05:00 PM,2.608,0.109,241.22,10.8,1,1,0
01-01-2007,01:06:00 PM,2.583,0.116,241.66,10.7,1,0,0
01-01-2007,01:07:00 PM,2.546,0.095,241.06,10.6,0,1,0
01-01-2007,01:08:00 PM,2.493,0.088,241.59,10.3,0,1,0
01-01-2007,01:09:00 PM,2.334,0.128,242.15,9.6,0,1,1
01-01-2007,01:10:00 PM,2.543,0.135,241.79,10.5,0,1,1
01-01-2007,01:11:00 PM,2.521,0.12,241.29,10.4,0,1,0
01-01-2007,01:12:00 PM,2.527,0.102,241.63,10.5,1,0,1
01-01-2007,01:13:00 PM,2.372,0.084,241.38,9.8,0,1,0
01-01-2007,01:14:00 PM,2.392,0.083,241.5,9.9,1,0,0
01-01-2007,01:15:00 PM,2.605,0.11,241.34,10.8,0,0,1
01-01-2007,01:16:00 PM,2.496,0.108,241.42,10.3,0,1,0
01-01-2007,01:17:00 PM,2.568,0.128,241.61,10.6,0,0,1
01-01-2007,01:18:00 PM,2.503,0.113,241.0,10.4,1,1,0
01-01-2007,01:19:00 PM,2.503,0.07,240.99,10.4,0,0,1
01-01-2007,01:20:00 PM,2.594,0.121,240.81,10.8,1,0,0
01-01-2007,01:21:00 PM,2.448,0.08,240.7,10.2,1,1,1
01-01-2007,01:22:00 PM,2.51,0.092,240.89,10.4,1,1,0
01-01-2007,01:23:00 PM,2.454,0.105,241.58,10.2,0,1,0
01-01-2007,01:24:00 PM,2.457,0.14,241.05,10.2,1,1,1
01-01-2007,01:25:00 PM,2.469,0.162,241.76,10.2,0,0,0
01-01-2007,01:26:00 PM,2.522,0.112,241.52,10.4,1,1,1
01-01-2007,01:27:00 PM,2.452,0.096,240.52,10.2,0,0,1
01-01-2007,01:28:00 PM,2.626,0.111,241.83,10.9,1,0,0
01-01-2007,01:29:00 PM,2.411,0.118,241.91,10.0,0,0,0
01-01-2007,01:30:00 PM,2.481,0.094,241.0,10.3,0,0,0
01-01-2007,01:31:00 PM,2.456,0.136,241.71,10.2,0,0,0
01-01-2007,01:32:00 PM,2.645,0.105,241.07,11.0,1,0,1
01-01-2007,01:33:00 PM,2.52,0.11,241.55,10.4,1,1,0
01-01-2007,01:34:00 PM,2.603,0.113,240.87,10.8,0,0,0
01-01-2007,01:35:00 PM,2.351,0.108,240.6,9.8,1,0,0
01-01-2007,01:36:00 PM,2.527,0.117,241.31,10.5,1,0,1
01-01-2007,01:37:00 PM,2.589,0.088,241.44,10.7,1,1,0
01-01-2007,01:38:00 PM,2.508,0.089,241.3,10.4,1,1,1
01-01-2007,01:39:00 PM,2.607,0.078,240.91,10.8,1,0,0
01-01-2007,01:40:00 PM,2.448,0.109,241.3,10.1,1,1,1
01-01-2007,01:41:00 PM,2.641,0.116,241.63,10.9,1,0,0
01-01-2007,01:42:00 PM,2.73,0.109,241.48,11.3,0,1,0
01-01-2007,01:43:00 PM,2.464,0.133,241.59,10.2,0,0,1
01-01-2007,01:44:00 PM,2.455,0.1,241.16,10.2,1,1,0
01-01-2007,01:45:00 PM,2.645,0.113,242.09,10.9,0,1,0
01-01-2007,01:46:00 PM,2.658,0.078,240.91,11.0,0,1,0
01-01-2007,01:47:00 PM,2.448,0.092,241.74,10.1,0,0,1
01-01-2007,01:48:00 PM,2.458,0.114,242.09,10.2,1,0,0
01-01-2007,01:49:00 PM,2.472,0.117,241.74,10.2,1,0,1
01-01-2007,01:50:00 PM,2.366,0.094,241.4,9.8,1,1,1
01-01-2007,01:51:00 PM,2.408,0.099,241.24,10.0,1,1,1
01-01-2007,01:52:00 PM,2.4,0.07,242.02,9.9,1,0,0
01-01-2007,01:53:00 PM,2.423,0.093,240.79,10.1,0,1,1
01-01-2007,01:54:00 PM,2.497,0.118,241.01,10.4,1,0,1
01-01-2007,01:55:00 PM,2.523,0.112,241.3,10.5,0,0,0
01-01-2007,01:56:00 PM,2.655,0.11,242.12,11.0,1,0,1
01-01-2007,01:57:00 PM,2.4,0.101,241.69,9.9,0,0,1
01-01-2007,01:58:00 PM,2.598,0.1,241.02,10.8,1,1,0
01-01-2007,01:59:00 PM,2.479,0.087,241.34,10.3,1,1,0
01-01-2007,02:00:00 PM,2.495,0.114,241.19,10.3,1,1,1
01-01-2007,02:01:00 PM,2.567,0.108,241.15,10.6,1,0,0
01-01-2007,02:02:00 PM,2.388,0.11,241.99,9.9,1,1,0
01-01-2007,02:03:00 PM,2.538,0.089,240.81,10.5,1,0,0
01-01-2007,02:04:00 PM,2.517,0.057,242.3,10.4,0,0,1
01-01-2007,02:05:00 PM,2.549,0.122,241.91,10.5,1,0,1
01-01-2007,02:06:00 PM,2.529,0.09,242.05,10.4,0,0,0
01-01-2007,02:07:00 PM,2.746,0.083,241.27,11.4,1,0,1
01-01-2007,02:08:00 PM,2.436,0.114,241.43,10.1,0,0,0
01-01-2007,02:09:00 PM,2.447,0.092,240.78,10.2,0,1,0
01-01-2007,02:10:00 PM,2.438,0.121,241.24,10.1,0,1,0
01-01-2007,02:11:00 PM,2.444,0.112,241.75,10.1,0,1,0
01-01-2007,02:12:00 PM,2.436,0.114,242.15,10.1,0,1,0
01-01-2007,02:13:00 PM,2.619,0.073,240.95,10.9,0,0,1
01-01-2007,02:14:00 PM,2.642,0.124,241.32,10.9,1,0,1
01-01-2007,02:15:00 PM,2.443,0.105,241.42,10.1,0,1,1
01-01-2007,02:16:00 PM,2.417,0.093,240.8,10.0,1,1,1
01-01-2007,02:17:00 PM,2.547,0.103,241.8,10.5,1,1,0
01-01-2007,02:18:00 PM,2.445,0.064,241.14,10.1,0,1,0
01-01-2007,02:19:00 PM,2.563,0.108,241.4,10.6,0,1,1
01-01-2007,02:20:00 PM,2.52,0.079,241.27,10.4,1,1,1
01-01-2007,02:21:00 PM,2.348,0.073,241.11,9.7,0,1,0
01-01-2007,02:22:00 PM,2.655,0.07,241.5,11.0,0,1,0
01-01-2007,02:23:00 PM,2.68,0.122,241.39,11.1,0,0,0
01-01-2007,02:24:00 PM,2.439,0.087,241.31,10.1,0,0,1
01-01-2007,02:25:00 PM,2.461,0.131,241.14,10.2,0,0,0
01-01-2007,02:26:00 PM,2.529,0.089,241.66,10.5,0,0,0
01-01-2007,02:27:00 PM,2.533,0.066,242.33,10.5,0,1,1
01-01-2007,02:28:00 PM,2.566,0.078,241.57,10.6,1,0,1
01-01-2007,02:29:00 PM,2.701,0.125,242.0,11.2,0,1,1
01-01-2007,02:30:00 PM,2.482,0.097,240.8,10.3,1,0,0
01-01-2007,02:31:00 PM,2.42,0.089,241.58,10.0,1,1,0
01-01-2007,02:32:00 PM,2.362,0.103,240.95,9.8,1,1,1
01-01-2007,02:33:00 PM,2.427,0.11,240.76,10.1,1,0,0
01-01-2007,02:34:00 PM,2.497,0.122,241.13,10.4,0,0,0
01-01-2007,02:35:00 PM,2.679,0.129,242.1,11.1,1,1,0
01-01-2007,02:36:00 PM,2.448,0.093,241.98,10.1,1,1,1
01-01-2007,02:37:00 PM,2.522,0.073,241.62,10.4,1,1,1
01-01-2007,02:38:00 PM,2.498,0.092,240.73,10.4,1,0,0
01-01-2007,02:39:00 PM,2.619,0.105,241.4,10.8,1,0,0
01-01-2007,02:40:00 PM,2.753,0.081,241.65,11.4,0,1,0
01-01-2007,02:41:00 PM,2.447,0.081,241.59,10.1,0,0,0
01-01-2007,02:42:00 PM,2.451,0.107,240.58,10.2,1,1,1
01-01-2007,02:43:00 PM,2.604,0.099,241.05,10.8,0,0,1
01-01-2007,02:44:00 PM,2.568,0.101,241.47,10.6,0,0,0
01-01-2007,02:45:00 PM,2.685,0.085,241.77,11.1,1,0,0
01-01-2007,02:46:00 PM,2.558,0.095,240.4,10.6,1,0,1
01-01-2007,02:47:00 PM,2.464,0.082,241.42,10.2,1,0,0
01-01-2007,02:48:00 PM,2.559,0.118,241.57,10.6,0,1,1
01-01-2007,02:49:00 PM,2.611,0.121,241.92,10.8,1,1,0
01-01-2007,02:50:00 PM,2.582,0.063,241.85,10.7,0,0,1
01-01-2007,02:51:00 PM,2.551,0.081,241.79,10.6,0,1,0
01-01-2007,02:52:00 PM,2.607,0.07,241.1,10.8,0,1,0
01-01-2007,02:53:00 PM,2.617,0.087,240.55,10.9,1,0,1
01-01-2007,02:54:00 PM,2.638,0.098,241.3,10.9,0,1,1
01-01-2007,02:55:00 PM,2.565,0.071,242.0,10.6,1,0,0
01-01-2007,02:56:00 PM,2.483,0.082,242.2,10.3,1,1,0
01-01-2007,02:57:00 PM,2.515,0.08,241.86,10.4,1,1,1
01-01-2007,02:58:00 PM,2.621,0.104,241.71,10.8,1,1,1
01-01-2007,02:59:00 PM,2.418,0.101,241.69,10.0,1,1,0
01-01-2007,03:00:00 PM,2.537,0.086,241.22,10.5,0,1,0
01-01-2007,03:01:00 PM,2.461,0.104,241.43,10.2,0,1,1
01-01-2007,03:02:00 PM,2.503,0.089,242.33,10.3,0,1,1
01-01-2007,03:03:00 PM,2.628,0.095,241.03,10.9,0,0,1
01-01-2007,03:04:00 PM,2.519,0.133,242.31,10.4,0,0,1
01-01-2007,03:05:00 PM,2.505,0.127,241.34,10.4,1,0,1
01-01-2007,03:06:00 PM,2.364,0.074,242.16,9.8,1,0,0
01-01-2007,03:07:00 PM,2.575,0.117,240.8,10.7,0,1,0
01-01-2007,03:08:00 PM,2.565,0.116,241.79,10.6,0,1,1
01-01-2007,03:09:00 PM,2.716,0.077,241.13,11.3,0,1,0
01-01-2007,03:10:00 PM,2.469,0.116,240.79,10.3,1,0,0
01-01-2007,03:11:00 PM,2.522,0.131,241.61,10.4,1,0,1
01-01-2007,03:12:00 PM,2.525,0.078,242.0,10.4,1,0,0
01-01-2007,03:13:00 PM,2.658,0.082,241.08,11.0,0,1,0
01-01-2007,03:14:00 PM,2.49,0.12,240.75,10.3,0,0,0
01-01-2007,03:15:00 PM,2.528,0.105,241.45,10.5,0,1,1
01-01-2007,03:16:00 PM,2.561,0.111,241.46,10.6,0,0,1
01-01-2007,03:17:00 PM,2.519,0.107,241.77,10.4,1,1,0
01-01-2007,03:18:00 PM,2.455,0.108,241.97,10.1,0,0,0
01-01-2007,03:19:00 PM,2.519,0.073,241.47,10.4,0,1,0
01-01-2007,03:20:00 PM,2.607,0.121,242.43,10.8,0,0,0
01-01-2007,03:21:00 PM,2.397,0.123,241.61,9.9,1,0,0
01-01-2007,03:22:00 PM,2.513,0.095,241.33,10.4,1,1,0
01-01-2007,03:23:00 PM,2.43,0.099,240.69,10.1,0,1,1
01-01-2007,03:24:00 PM,2.62,0.069,241.37,10.9,1,0,0
01-01-2007,03:25:00 PM,2.348,0.11,241.33,9.7,1,1,0
01-01-2007,03:26:00 PM,2.444,0.111,241.98,10.1,1,0,1
01-01-2007,03:27:00 PM,2.538,0.099,241.73,10.5,1,1,0
01-01-2007,03:28:00 PM,2.657,0.122,240.91,11.0,1,0,0
01-01-2007,03:29:00 PM,2.493,0.093,241.59,10.3,0,1,0
01-01-2007,03:30:00 PM,2.444,0.111,241.84,10.1,0,0,0
01-01-2007,03:31:00 PM,2.688,0.08,242.26,11.1,0,0,1
01-01-2007,03:32:00 PM,2.355,0.1,241.94,9.7,1,0,0
01-01-2007,03:33:00 PM,2.28,0.097,241.88,9.4,1,1,1
01-01-2007,03:34:00 PM,2.544,0.105,241.53,10.5,1,0,0
01-01-2007,03:35:00 PM,2.45,0.093,241.69,10.1,1,1,0
01-01-2007,03:36:00 PM,2.398,0.097,242.12,9.9,0,1,1
01-01-2007,03:37:00 PM,2.571,0.117,240.83,10.7,0,1,0
01-01-2007,03:38:00 PM,2.524,0.091,241.33,10.5,0,0,1
01-01-2007,03:39:00 PM,2.444,0.068,241.11,10.1,0,1,1
01-01-2007,03:40:00 PM,2.372,0.135,241.69,9.8,0,1,1
01-01-2007,03:41:00 PM,2.587,0.128,242.12,10.7,0,1,0
01-01-2007,03:42:00 PM,2.565,0.074,241.2,10.6,1,0,0
01-01-2007,03:43:00 PM,2.49,0.114,240.3,10.4,1,1,0
01-01-2007,03:44:00 PM,2.685,0.09,241.29,11.1,0,1,0
01-01-2007,03:45:00 PM,2.393,0.105,241.96,9.9,1,1,1
01-01-2007,03:46:00 PM,2.347,0.106,241.77,9.7,0,1,0
01-01-2007,03:47:00 PM,2.431,0.095,241.71,10.1,0,0,0
01-01-2007,03:48:00 PM,2.495,0.084,241.36,10.3,1,0,1
01-01-2007,03:49:00 PM,2.524,0.086,240.86,10.5,0,1,1
01-01-2007,03:50:00 PM,2.476,0.082,241.76,10.2,0,1,0
01-01-2007,03:51:00 PM,2.535,0.083,241.08,10.5,0,1,1
01-01-2007,03:52:00 PM,2.375,0.099,242.59,9.8,1,1,1
01-01-2007,03:53:00 PM,2.644,0.086,241.79,10.9,1,0,1
01-01-2007,03:54:00 PM,2.492,0.114,241.21,10.3,1,0,1
01-01-2007,03:55:00 PM,2.612,0.13,241.19,10.8,1,0,1
01-01-2007,03:56:00 PM,2.534,0.088,241.45,10.5,0,0,0
01-01-2007,03:57:00 PM,2.546,0.105,241.38,10.5,1,1,0
01-01-2007,03:58:00 PM,2.557,0.11,242.06,10.6,1,1,0
01-01-2007,03:59:00 PM,2.545,0.109,241.59,10.5,1,0,0
01-01-2007,04:00:00 PM,2.564,0.102,241.13,10.6,0,0,0
01-01-2007,04:01:00 PM,2.633,0.115,242.45,10.9,1,1,0
01-01-2007,04:02:00 PM,2.52,0.11,241.52,10.4,1,1,0
01-01-2007,04:03:00 PM,2.571,0.075,241.88,10.6,0,1,1
01-01-2007,04:04:00 PM,2.491,0.117,241.2,10.3,0,1,0
01-01-2007,04:05:00 PM,2.644,0.118,241.68,10.9,0,1,0
01-01-2007,04:06:00 PM,2.432,0.085,241.66,10.1,0,0,0
01-01-2007,04:07:00 PM,2.68,0.101,240.56,11.1,1,0,1
01-01-2007,04:08:00 PM,2.496,0.114,242.51,10.3,0,1,0
01-01-2007,04:09:00 PM,2.357,0.096,242.15,9.7,1,1,0
01-01-2007,04:10:00 PM,2.513,0.121,241.3,10.4,1,0,1
01-01-2007,04:11:00 PM,2.432,0.147,240.95,10.1,1,1,0
01-01-2007,04:12:00 PM,2.584,0.084,241.67,10.7,1,0,0
01-01-2007,04:13:00 PM,2.435,0.072,241.54,10.1,1,0,1
01-01-2007,04:14:00 PM,2.455,0.106,241.68,10.2,0,0,0
01-01-2007,04:15:00 PM,2.311,0.114,241.6,9.6,1,0,1
01-01-2007,04:16:00 PM,2.455,0.095,241.75,10.2,1,1,0
01-01-2007,04:17:00 PM,2.258,0.129,242.22,9.3,1,1,0
01-01-2007,04:18:00 PM,2.342,0.073,241.78,9.7,0,0,0
01-01-2007,04:19:00 PM,2.576,0.114,240.98,10.7,1,1,1
01-01-2007,04:20:00 PM,2.579,0.088,242.18,10.6,1,1,1
01-01-2007,04:21:00 PM,2.543,0.134,242.32,10.5,0,1,1
01-01-2007,04:22:00 PM,2.403,0.14,243.08,9.9,1,1,0
01-01-2007,04:23:00 PM,2.495,0.085,240.94,10.4,1,0,0
01-01-2007,04:24:00 PM,2.5,0.089,241.62,10.3,0,1,1
01-01-2007,04:25:00 PM,2.384,0.117,240.46,9.9,1,0,1
01-01-2007,04:26:00 PM,2.65,0.092,241.78,11.0,1,0,0
01-01-2007,04:27:00 PM,2.588,0.099,241.23,10.7,1,1,0
01-01-2007,04:28:00 PM,2.478,0.101,242.46,10.2,1,0,0
01-01-2007,04:29:00 PM,2.503,0.062,241.11,10.4,1,1,0
01-01-2007,04:30:00 PM,2.521,0.1,240.66,10.5,0,1,1
01-01-2007,04:31:00 PM,2.296,0.086,241.26,9.5,0,0,0
01-01-2007,04:32:00 PM,2.475,0.09,240.51,10.3,0,1,0
01-01-2007,04:33:00 PM,2.432,0.129,241.88,10.1,1,0,0
01-01-2007,04:34:00 PM,2.4,0.075,240.47,10.0,1,0,0
01-01-2007,04:35:00 PM,2.472,0.116,241.51,10.2,1,1,0
01-01-2007,04:36:00 PM,2.68,0.094,240.46,11.1,0,1,0
01-01-2007,04:37:00 PM,2.564,0.094,241.34,10.6,1,1,0
01-01-2007,04:38:00 PM,2.443,0.116,242.32,10.1,1,0,1
01-01-2007,04:39:00 PM,2.557,0.107,241.68,10.6,1,1,1
01-01-2007,04:40:00 PM,2.64,0.111,241.07,11.0,0,0,1
01-01-2007,04:41:00 PM,2.592,0.119,241.48,10.7,0,0,0
01-01-2007,04:42:00 PM,2.506,0.093,241.51,10.4,1,1,1
01-01-2007,04:43:00 PM,2.435,0.088,241.74,10.1,1,1,0
01-01-2007,04:44:00 PM,2.57,0.078,240.82,10.7,1,1,0
01-01-2007,04:45:00 PM,2.539,0.083,241.8,10.5,0,0,0
01-01-2007,04:46:00 PM,2.59,0.159,240.15,10.8,0,1,0
01-01-2007,04:47:00 PM,2.564,0.125,241.19,10.6,0,0,1
01-01-2007,04:48:00 PM,2.605,0.073,241.26,10.8,1,1,0
01-01-2007,04:49:00 PM,2.446,0.074,241.82,10.1,0,1,0
01-01-2007,04:50:00 PM,2.632,0.11,241.51,10.9,1,0,1
01-01-2007,04:51:00 PM,2.52,0.111,240.8,10.5,1,0,1
01-01-2007,04:52:00 PM,2.708,0.111,241.01,11.2,0,1,1
01-01-2007,04:53:00 PM,2.431,0.095,241.6,10.1,1,1,0
01-01-2007,04:54:00 PM,2.674,0.097,241.46,11.1,0,1,1
01-01-2007,04:55:00 PM,2.52,0.107,241.21,10.4,1,1,0
01-01-2007,04:56:00 PM,2.435,0.102,241.26,10.1,1,1,0
01-01-2007,04:57:00 PM,2.452,0.056,241.85,10.1,0,0,1
01-01-2007,04:58:00 PM,2.468,0.095,241.24,10.2,1,0,1
01-01-2007,04:59:00 PM,2.542,0.083,241.46,10.5,1,0,1
01-01-2007,05:00:00 PM,2.552,0.104,242.58,10.5,1,0,0
01-01-2007,05:01:00 PM,2.443,0.16,240.79,10.1,1,1,0
01-01-2007,05:02:00 PM,2.498,0.107,240.57,10.4,1,0,0
01-01-2007,05:03:00 PM,2.714,0.094,241.89,11.2,1,0,0
01-01-2007,05:04:00 PM,2.673,0.118,241.16,11.1,1,0,0
01-01-2007,05:05:00 PM,2.544,0.11,241.34,10.5,1,1,0
01-01-2007,05:06:00 PM,2.504,0.108,241.11,10.4,0,0,1
01-01-2007,05:07:00 PM,2.512,0.112,241.37,10.4,0,1,0
01-01-2007,05:08:00 PM,2.561,0.141,242.3,10.6,1,0,1
01-01-2007,05:09:00 PM,2.398,0.077,241.9,9.9,1,1,1
01-01-2007,05:10:00 PM,2.474,0.109,241.93,10.2,0,0,1
01-01-2007,05:11:00 PM,2.333,0.081,240.79,9.7,1,1,1
01-01-2007,05:12:00 PM,2.54,0.111,240.92,10.5,0,0,1
01-01-2007,05:13:00 PM,2.565,0.082,240.08,10.7,0,1,0
01-01-2007,05:14:00 PM,2.452,0.092,241.1,10.2,0,1,0
01-01-2007,05:15:00 PM,2.657,0.094,241.98,11.0,1,0,0
01-01-2007,05:16:00 PM,2.377,0.12,241.76,9.8,1,1,0
01-01-2007,05:17:00 PM,2.354,0.118,241.39,9.8,1,1,1
01-01-2007,05:18:00 PM,2.522,0.075,241.49,10.4,0,0,1
01-01-2007,05:19:00 PM,2.605,0.101,241.16,10.8,0,0,1
01-01-2007,05:20:00 PM,2.668,0.086,241.6,11.0,0,1,0
01-01-2007,05:21:00 PM,2.454,0.075,241.88,10.1,1,0,0
01-01-2007,05:22:00 PM,2.608,0.096,240.69,10.8,0,0,0
01-01-2007,05:23:00 PM,2.496,0.094,241.65,10.3,0,0,0
01-01-2007,05:24:00 PM,2.483,0.149,241.97,10.3,1,1,1
01-01-2007,05:25:00 PM,2.588,0.109,241.29,10.7,0,1,1
01-01-2007,05:26:00 PM,2.565,0.072,241.85,10.6,0,1,0
01-01-2007,05:27:00 PM,2.342,0.089,242.91,9.6,1,1,0
01-01-2007,05:28:00 PM,2.648,0.12,241.45,11.0,1,1,1
01-01-2007,05:29:00 PM,2.638,0.142,241.7,10.9,0,1,1
01-01-2007,05:30:00 PM,2.437,0.068,241.13,10.1,1,1,1
01-01-2007,05:31:00 PM,2.54,0.062,241.59,10.5,0,0,1
01-01-2007,05:32:00 PM,2.549,0.137,241.73,10.5,1,1,0
01-01-2007,05:33:00 PM,2.526,0.108,241.6,10.5,0,1,1
01-01-2007,05:34:00 PM,2.445,0.083,240.99,10.1,1,0,1
01-01-2007,05:35:00 PM,2.433,0.111,241.6,10.1,0,0,1
01-01-2007,05:36:00 PM,2.497,0.047,242.23,10.3,1,0,1
01-01-2007,05:37:00 PM,2.617,0.1,241.72,10.8,1,1,0
01-01-2007,05:38:00 PM,2.554,0.107,241.98,10.6,1,0,0
01-01-2007,05:39:00 PM,2.463,0.118,241.38,10.2,1,1,0
01-01-2007,05:40:00 PM,2.577,0.08,241.87,10.7,1,1,0
01-01-2007,05:41:00 PM,2.215,0.102,241.64,9.2,1,1,0
01-01-2007,05:42:00 PM,2.615,0.081,241.02,10.8,1,0,0
01-01-2007,05:43:00 PM,2.326,0.105,241.66,9.6,0,0,1
01-01-2007,05:44:00 PM,2.464,0.082,241.0,10.2,0,1,1
01-01-2007,05:45:00 PM,2.388,0.092,241.18,9.9,1,1,1
01-01-2007,05:46:00 PM,2.371,0.08,241.59,9.8,1,1,1
01-01-2007,05:47:00 PM,2.616,0.113,241.65,10.8,0,0,0
01-01-2007,05:48:00 PM,2.453,0.117,240.91,10.2,0,1,1
01-01-2007,05:49:00 PM,2.535,0.095,242.03,10.5,1,0,0
01-01-2007,05:50:00 PM,2.495,0.101,241.79,10.3,0,1,1
01-01-2007,05:51:00 PM,2.548,0.071,241.15,10.6,0,0,1
01-01-2007,05:52:00 PM,2.508,0.094,240.73,10.4,1,1,1
01-01-2007,05:53:00 PM,2.372,0.099,241.43,9.8,1,0,0
01-01-2007,05:54:00 PM,2.6,0.152,241.28,10.8,1,0,1
01-01-2007,05:55:00 PM,2.451,0.078,241.56,10.1,0,0,0
01-01-2007,05:56:00 PM,2.344,0.129,241.32,9.7,1,0,0
01-01-2007,05:57:00 PM,2.457,0.12,240.5,10.2,1,0,1
01-01-2007,05:58:00 PM,2.65,0.106,241.31,11.0,0,0,0
01-01-2007,05:59:00 PM,2.585,0.135,241.35,10.7,1,1,0
01-01-2007,06:00:00 PM,2.465,0.107,241.82,10.2,0,1,1
01-01-2007,06:01:00 PM,2.465,0.108,241.15,10.2,0,1,1
01-01-2007,06:02:00 PM,2.468,0.099,242.34,10.2,0,1,1
01-01-2007,06:03:00 PM,2.708,0.124,240.54,11.3,0,0,1
01-01-2007,06:04:00 PM,2.538,0.122,242.16,10.5,0,1,1
01-01-2007,06:05:00 PM,2.543,0.087,241.39,10.5,0,0,1
01-01-2007,06:06:00 PM,2.603,0.074,241.93,10.8,1,0,0
01-01-2007,06:07:00 PM,2.524,0.096,241.54,10.4,1,0,1
01-01-2007,06:08:00 PM,2.474,0.084,242.07,10.2,1,1,1
01-01-2007,06:09:00 PM,2.48,0.099,241.31,10.3,0,0,0
01-01-2007,06:10:00 PM,2.493,0.125,240.95,10.3,1,1,1
01-01-2007,06:11:00 PM,2.496,0.091,242.21,10.3,0,1,0
01-01-2007,06:12:00 PM,2.573,0.099,241.44,10.7,1,1,1
01-01-2007,06:13:00 PM,2.505,0.101,241.61,10.4,0,1,1
01-01-2007,06:14:00 PM,2.573,0.117,242.12,10.6,1,1,0
01-01-2007,06:15:00 PM,2.492,0.055,240.98,10.3,0,0,1
01-01-2007,06:16:00 PM,2.508,0.088,241.8,10.4,1,0,0
01-01-2007,06:17:00 PM,2.3,0.104,241.21,9.5,0,1,1
01-01-2007,06:18:00 PM,2.592,0.124,241.43,10.7,1,0,1
01-01-2007,06:19:00 PM,2.535,0.09,241.54,10.5,0,1,0
01-01-2007,06:20:00 PM,2.6,0.062,240.75,10.8,1,0,1
01-01-2007,06:21:00 PM,2.21,0.112,241.11,9.2,1,0,1
01-01-2007,06:22:00 PM,2.709,0.087,242.18,11.2,1,0,0
01-01-2007,06:23:00 PM,2.486,0.076,241.94,10.3,0,0,1
01-01-2007,06:24:00 PM,2.611,0.088,241.47,10.8,0,0,0
01-01-2007,06:25:00 PM,2.396,0.096,241.62,9.9,0,0,1
01-01-2007,06:26:00 PM,2.561,0.088,241.35,10.6,0,0,0
01-01-2007,06:27:00 PM,2.395,0.056,242.18,9.9,0,0,1
01-01-2007,06:28:00 PM,2.438,0.118,241.4,10.1,1,0,0
01-01-2007,06:29:00 PM,2.691,0.125,241.62,11.1,0,0,0
01-01-2007,06:30:00 PM,2.481,0.113,242.07,10.2,1,0,1
01-01-2007,06:31:00 PM,2.522,0.077,241.11,10.5,1,0,1
01-01-2007,06:32:00 PM,2.587,0.096,242.28,10.7,0,0,0
01-01-2007,06:33:00 PM,2.55,0.1,240.73,10.6,1,1,1
01-01-2007,06:34:00 PM,2.515,0.112,242.31,10.4,0,0,0
01-01-2007,06:35:00 PM,2.536,0.113,241.31,10.5,0,0,1
01-01-2007,06:36:00 PM,2.74,0.085,241.38,11.4,0,0,1
01-01-2007,06:37:00 PM,2.494,0.102,240.55,10.4,1,0,0
01-01-2007,06:38:00 PM,2.52,0.109,241.27,10.4,0,0,0
01-01-2007,06:39:00 PM,2.605,0.129,240.98,10.8,0,0,1
01-01-2007,06:40:00 PM,2.611,0.114,241.2,10.8,0,1,1
01-01-2007,06:41:00 PM,2.619,0.116,241.43,10.8,1,1,1
01-01-2007,06:42:00 PM,2.564,0.102,241.98,10.6,0,1,1
01-01-2007,06:43:00 PM,2.386,0.128,241.6,9.9,1,0,1
01-01-2007,06:44:00 PM,2.663,0.108,241.65,11.0,1,0,0
01-01-2007,06:45:00 PM,2.385,0.083,240.95,9.9,0,0,1
01-01-2007,06:46:00 PM,2.53,0.128,241.06,10.5,1,1,1
01-01-2007,06:47:00 PM,2.425,0.114,242.4,10.0,1,0,0
01-01-2007,06:48:00 PM,2.494,0.091,241.13,10.3,0,0,0
01-01-2007,06:49:00 PM,2.533,0.09,242.33,10.5,0,1,0
01-01-2007,06:50:00 PM,2.532,0.106,241.38,10.5,0,1,1
01-01-2007,06:51:00 PM,2.542,0.109,241.5,10.5,1,0,0
01-01-2007,06:52:00 PM,2.661,0.104,242.04,11.0,0,0,0
01-01-2007,06:53:00 PM,2.545,0.106,242.14,10.5,1,0,0
01-01-2007,06:54:00 PM,2.476,0.134,241.44,10.3,1,0,0
01-01-2007,06:55:00 PM,2.596,0.121,241.31,10.8,1,1,1
01-01-2007,06:56:00 PM,2.619,0.104,241.47,10.8,1,0,1
01-01-2007,06:57:00 PM,2.377,0.119,241.67,9.8,1,0,1
01-01-2007,06:58:00 PM,2.56,0.079,241.95,10.6,0,1,0
01-01-2007,06:59:00 PM,2.57,0.108,241.5,10.6,0,0,0
01-01-2007,07:00:00 PM,2.47,0.136,241.81,10.2,1,0,0
01-01-2007,07:01:00 PM,2.638,0.096,242.32,10.9,1,1,0
01-01-2007,07:02:00 PM,2.485,0.083,241.69,10.3,0,1,0
01-01-2007,07:03:00 PM,2.513,0.087,241.66,10.4,0,0,0
01-01-2007,07:04:00 PM,2.483,0.078,240.74,10.3,1,1,1
01-01-2007,07:05:00 PM,2.502,0.084,240.18,10.4,1,1,1
01-01-2007,07:06:00 PM,2.39,0.093,241.69,9.9,0,0,0
01-01-2007,07:07:00 PM,2.356,0.072,241.45,9.8,0,1,1
01-01-2007,07:08:00 PM,2.659,0.1,241.24,11.0,1,0,0
01-01-2007,07:09:00 PM,2.415,0.118,241.62,10.0,0,0,0
01-01-2007,07:10:00 PM,2.401,0.082,241.47,9.9,0,0,1
01-01-2007,07:11:00 PM,2.285,0.13,242.06,9.4,1,0,0
01-01-2007,07:12:00 PM,2.436,0.11,241.54,10.1,1,1,1
01-01-2007,07:13:00 PM,2.368,0.121,241.13,9.8,1,0,0
01-01-2007,07:14:00 PM,2.664,0.087,242.0,11.0,0,0,0
01-01-2007,07:15:00 PM,2.601,0.117,241.39,10.8,1,0,1
01-01-2007,07:16:00 PM,2.431,0.078,241.76,10.1,0,0,0
01-01-2007,07:17:00 PM,2.725,0.118,241.26,11.3,1,1,0
01-01-2007,07:18:00 PM,2.598,0.103,241.18,10.8,1,1,0
01-01-2007,07:19:00 PM,2.468,0.111,241.54,10.2,0,1,1
01-01-2007,07:20:00 PM,2.25,0.076,241.51,9.3,0,0,0
01-01-2007,07:21:00 PM,2.729,0.082,241.74,11.3,1,1,0
01-01-2007,07:22:00 PM,2.361,0.112,241.37,9.8,1,1,0
01-01-2007,07:23:00 PM,2.335,0.081,240.58,9.7,0,0,1
01-01-2007,07:24:00 PM,2.602,0.109,241.28,10.8,1,1,1
01-01-2007,07:25:00 PM,2.744,0.073,241.9,11.3,0,0,1
01-01-2007,07:26:00 PM,2.638,0.117,241.35,10.9,0,1,1
01-01-2007,07:27:00 PM,2.556,0.075,241.38,10.6,1,1,1
01-01-2007,07:28:00 PM,2.559,0.111,241.99,10.6,0,1,0
01-01-2007,07:29:00 PM,2.585,0.113,241.14,10.7,0,1,1
01-01-2007,07:30:00 PM,2.576,0.086,240.73,10.7,0,0,1
01-01-2007,07:31:00 PM,2.528,0.112,241.42,10.5,1,0,0
01-01-2007,07:32:00 PM,2.51,0.105,241.26,10.4,0,1,1
01-01-2007,07:33:00 PM,2.494,0.089,241.02,10.3,1,0,0
01-01-2007,07:34:00 PM,2.425,0.08,241.41,10.0,1,1,1
01-01-2007,07:35:00 PM,2.472,0.061,241.75,10.2,1,1,0
01-01-2007,07:36:00 PM,2.331,0.107,241.5,9.7,0,1,0
01-01-2007,07:37:00 PM,2.49,0.069,241.65,10.3,0,1,1
01-01-2007,07:38:00 PM,2.401,0.102,242.41,9.9,1,1,1
01-01-2007,07:39:00 PM,2.39,0.095,241.33,9.9,1,1,0
01-01-2007,07:40:00 PM,2.518,0.114,241.64,10.4,0,0,0
01-01-2007,07:41:00 PM,2.639,0.094,241.25,10.9,1,0,0
01-01-2007,07:42:00 PM,2.592,0.093,241.08,10.8,1,1,0
01-01-2007,07:43:00 PM,2.343,0.115,241.21,9.7,0,0,0
01-01-2007,07:44:00 PM,2.401,0.107,241.26,10.0,1,1,0
01-01-2007,07:45:00 PM,2.594,0.106,241.68,10.7,0,0,0
01-01-2007,07:46:00 PM,2.402,0.109,242.67,9.9,0,0,1
01-01-2007,07:47:00 PM,2.478,0.069,241.14,10.3,1,0,0
01-01-2007,07:48:00 PM,2.555,0.115,241.29,10.6,0,1,1
01-01-2007,07:49:00 PM,2.403,0.112,241.47,10.0,0,0,1
01-01-2007,07:50:00 PM,2.511,0.08,241.7,10.4,0,1,0
01-01-2007,07:51:00 PM,2.367,0.095,241.63,9.8,1,1,0
01-01-2007,07:52:00 PM,2.44,0.099,242.14,10.1,1,1,1
01-01-2007,07:53:00 PM,2.532,0.097,240.29,10.5,1,0,0
01-01-2007,07:54:00 PM,2.341,0.107,240.31,9.7,0,0,0
01-01-2007,07:55:00 PM,2.544,0.129,241.25,10.5,0,0,1
01-01-2007,07:56:00 PM,2.498,0.122,242.05,10.3,1,1,1
01-01-2007,07:57:00 PM,2.555,0.074,240.72,10.6,1,1,1
01-01-2007,07:58:00 PM,2.522,0.112,240.0,10.5,0,0,0
01-01-2007,07:59:00 PM,2.636,0.127,241.79,10.9,1,1,0
01-01-2007,08:00:00 PM,2.513,0.108,241.62,10.4,1,0,1
01-01-2007,08:01:00 PM,2.457,0.122,240.95,10.2,1,0,0
01-01-2007,08:02:00 PM,2.512,0.14,241.01,10.4,1,0,1
01-01-2007,08:03:00 PM,2.554,0.12,241.02,10.6,1,0,0
01-01-2007,08:04:00 PM,2.505,0.105,241.56,10.4,0,1,1
01-01-2007,08:05:00 PM,2.504,0.121,241.19,10.4,1,0,0
01-01-2007,08:06:00 PM,2.43,0.103,241.75,10.1,1,0,1
01-01-2007,08:07:00 PM,2.434,0.1,240.07,10.1,0,0,0
01-01-2007,08:08:00 PM,2.36,0.093,241.07,9.8,0,0,0
01-01-2007,08:09:00 PM,2.675,0.131,240.94,11.1,0,0,1
01-01-2007,08:10:00 PM,2.376,0.084,241.37,9.8,0,0,0
01-01-2007,08:11:00 PM,2.431,0.131,241.23,10.1,1,0,0
01-01-2007,08:12:00 PM,2.428,0.11,241.9,10.0,1,1,1
01-01-2007,08:13:00 PM,2.589,0.072,240.57,10.8,1,1,0
01-01-2007,08:14:00 PM,2.471,0.107,241.52,10.2,1,1,0
01-01-2007,08:15:00 PM,2.625,0.058,241.78,10.9,0,1,0
01-01-2007,08:16:00 PM,2.433,0.113,242.43,10.0,0,0,1
01-01-2007,08:17:00 PM,2.528,0.118,241.26,10.5,1,1,1
01-01-2007,08:18:00 PM,2.416,0.088,241.66,10.0,1,1,1
01-01-2007,08:19:00 PM,2.715,0.102,240.6,11.3,1,1,1
01-01-2007,08:20:00 PM,2.381,0.139,240.3,9.9,1,0,1
01-01-2007,08:21:00 PM,2.531,0.09,241.92,10.5,0,1,0
01-01-2007,08:22:00 PM,2.563,0.079,241.5,10.6,1,1,0
01-01-2007,08:23:00 PM,2.541,0.13,242.09,10.5,0,0,1
01-01-2007,08:24:00 PM,2.481,0.139,240.81,10.3,0,1,0
01-01-2007,08:25:00 PM,2.487,0.1,241.76,10.3,0,0,0
01-01-2007,08:26:00 PM,2.504,0.12,242.43,10.3,0,1,0
01-01-2007,08:27:00 PM,2.485,0.127,241.71,10.3,1,0,0
01-01-2007,08:28:00 PM,2.596,0.085,241.64,10.7,1,1,1
01-01-2007,08:29:00 PM,2.721,0.09,241.5,11.3,1,1,1
01-01-2007,08:30:00 PM,2.444,0.125,240.71,10.2,1,1,0
01-01-2007,08:31:00 PM,2.363,0.134,242.18,9.8,0,0,0
01-01-2007,08:32:00 PM,2.491,0.111,241.19,10.3,0,1,1
01-01-2007,08:33:00 PM,2.758,0.082,241.75,11.4,0,0,0
01-01-2007,08:34:00 PM,2.42,0.14,240.72,10.1,1,0,0
01-01-2007,08:35:00 PM,2.664,0.089,240.91,11.1,0,0,0
01-01-2007,08:36:00 PM,2.668,0.093,242.22,11.0,0,0,1
01-01-2007,08:37:00 PM,2.445,0.107,241.33,10.1,0,1,1
01-01-2007,08:38:00 PM,2.557,0.131,242.23,10.6,0,1,0
01-01-2007,08:39:00 PM,2.663,0.117,241.46,11.0,1,1,0
01-01-2007,08:40:00 PM,2.462,0.108,240.58,10.2,0,0,0
01-01-2007,08:41:00 PM,2.48,0.109,241.95,10.3,0,1,0
01-01-2007,08:42:00 PM,2.442,0.101,241.21,10.1,1,0,0
01-01-2007,08:43:00 PM,2.399,0.111,241.85,9.9,1,0,0
01-01-2007,08:44:00 PM,2.435,0.049,241.51,10.1,1,0,1
01-01-2007,08:45:00 PM,2.378,0.094,240.73,9.9,0,1,1
01-01-2007,08:46:00 PM,2.503,0.105,241.58,10.4,0,1,0
01-01-2007,08:47:00 PM,2.423,0.077,242.6,10.0,0,0,1
01-01-2007,08:48:00 PM,2.523,0.108,241.75,10.4,0,1,0
01-01-2007,08:49:00 PM,2.344,0.096,241.47,9.7,1,1,0
01-01-2007,08:50:00 PM,2.533,0.135,242.04,10.5,0,0,1
01-01-2007,08:51:00 PM,2.583,0.131,241.61,10.7,0,0,1
01-01-2007,08:52:00 PM,2.301,0.091,241.6,9.5,1,1,0
01-01-2007,08:53:00 PM,2.537,0.097,240.95,10.5,1,0,0
01-01-2007,08:54:00 PM,2.623,0.099,241.62,10.9,1,0,1
01-01-2007,08:55:00 PM,2.379,0.091,242.02,9.8,0,1,1
01-01-2007,08:56:00 PM,2.667,0.104,241.08,11.1,0,1,0
01-01-2007,08:57:00 PM,2.542,0.085,242.21,10.5,0,0,0
01-01-2007,08:58:00 PM,2.429,0.077,241.45,10.1,0,1,0
01-01-2007,08:59:00 PM,2.494,0.112,241.06,10.3,0,0,1
01-01-2007,09:00:00 PM,2.556,0.113,242.0,10.6,1,0,0
01-01-2007,09:01:00 PM,2.508,0.084,241.36,10.4,1,1,1
01-01-2007,09:02:00 PM,2.554,0.118,241.88,10.6,0,0,0
01-01-2007,09:03:00 PM,2.408,0.087,241.35,10.0,0,0,1
01-01-2007,09:04:00 PM,2.517,0.105,241.47,10.4,0,0,1
01-01-2007,09:05:00 PM,2.359,0.116,241.75,9.8,0,1,1
01-01-2007,09:06:00 PM,2.489,0.099,241.65,10.3,0,1,1
01-01-2007,09:07:00 PM,2.41,0.109,240.5,10.0,1,1,0
01-01-2007,09:08:00 PM,2.426,0.09,240.94,10.1,1,0,1
01-01-2007,09:09:00 PM,2.624,0.096,241.96,10.8,1,0,1
01-01-2007,09:10:00 PM,2.609,0.096,241.43,10.8,0,1,1
01-01-2007,09:11:00 PM,2.561,0.085,241.24,10.6,0,1,0
01-01-2007,09:12:00 PM,2.391,0.096,240.82,9.9,1,1,0
01-01-2007,09:13:00 PM,2.468,0.069,240.96,10.2,1,0,0
01-01-2007,09:14:00 PM,2.621,0.09,240.49,10.9,0,1,0
01-01-2007,09:15:00 PM,2.514,0.094,241.45,10.4,1,0,0
01-01-2007,09:16:00 PM,2.732,0.095,241.2,11.3,1,1,0
01-01-2007,09:17:00 PM,2.539,0.095,241.02,10.5,0,0,1
01-01-2007,09:18:00 PM,2.519,0.099,241.47,10.4,1,0,1
01-01-2007,09:19:00 PM,2.469,0.11,241.68,10.2,1,1,1
01-01-2007,09:20:00 PM,2.513,0.117,242.55,10.4,1,0,0
01-01-2007,09:21:00 PM,2.485,0.087,240.74,10.3,0,1,1
01-01-2007,09:22:00 PM,2.571,0.076,242.08,10.6,1,0,1
01-01-2007,09:23:00 PM,2.596,0.079,241.99,10.7,1,0,0
01-01-2007,09:24:00 PM,2.421,0.09,241.11,10.0,1,1,1
01-01-2007,09:25:00 PM,2.367,0.093,241.6,9.8,0,0,0
01-01-2007,09:26:00 PM,2.316,0.085,241.27,9.6,0,1,1
01-01-2007,09:27:00 PM,2.551,0.074,241.59,10.6,1,1,0
01-01-2007,09:28:00 PM,2.39,0.091,242.25,9.9,0,1,0
01-01-2007,09:29:00 PM,2.285,0.104,241.8,9.4,1,0,0
01-01-2007,09:30:00 PM,2.539,0.112,241.75,10.5,0,0,1
01-01-2007,09:31:00 PM,2.749,0.089,241.28,11.4,0,0,1
01-01-2007,09:32:00 PM,2.499,0.092,240.76,10.4,1,1,0
01-01-2007,09:33:00 PM,2.584,0.081,241.4,10.7,1,1,0
01-01-2007,09:34:00 PM,2.508,0.099,242.1,10.4,1,0,1
01-01-2007,09:35:00 PM,2.49,0.083,240.74,10.3,0,0,1
01-01-2007,09:36:00 PM,2.592,0.111,240.97,10.8,1,1,0
01-01-2007,09:37:00 PM,2.471,0.064,241.56,10.2,0,0,1
01-01-2007,09:38:00 PM,2.527,0.093,241.01,10.5,0,1,1
01-01-2007,09:39:00 PM,2.532,0.106,241.1,10.5,1,0,1
01-01-2007,09:40:00 PM,2.433,0.104,241.29,10.1,0,1,0
01-01-2007,09:41:00 PM,2.599,0.154,240.82,10.8,1,0,0
01-01-2007,09:42:00 PM,2.483,0.107,241.01,10.3,0,0,1
01-01-2007,09:43:00 PM,2.424,0.08,241.85,10.0,1,1,0
01-01-2007,09:44:00 PM,2.554,0.098,240.85,10.6,0,1,1
01-01-2007,09:45:00 PM,2.41,0.064,240.7,10.0,0,1,1
01-01-2007,09:46:00 PM,2.503,0.098,241.18,10.4,1,0,0
01-01-2007,09:47:00 PM,2.499,0.083,241.87,10.3,0,1,0
01-01-2007,09:48:00 PM,2.609,0.118,241.4,10.8,1,1,0
01-01-2007,09:49:00 PM,2.547,0.089,241.27,10.6,0,0,1
01-01-2007,09:50:00 PM,2.497,0.098,241.52,10.3,0,1,1
01-01-2007,09:51:00 PM,2.582,0.087,240.63,10.7,0,1,0
01-01-2007,09:52:00 PM,2.639,0.135,241.75,10.9,1,1,0
01-01-2007,09:53:00 PM,2.556,0.094,241.69,10.6,1,0,0
01-01-2007,09:54:00 PM,2.501,0.137,241.3,10.4,1,0,1
01-01-2007,09:55:00 PM,2.369,0.116,242.0,9.8,1,0,1
01-01-2007,09:56:00 PM,2.393,0.11,240.94,9.9,1,1,1
01-01-2007,09:57:00 PM,2.469,0.107,242.06,10.2,0,0,0
01-01-2007,09:58:00 PM,2.439,0.108,241.58,10.1,0,1,0
01-01-2007,09:59:00 PM,2.481,0.061,241.33,10.3,1,1,1
01-01-2007,10:00:00 PM,2.506,0.094,241.49,10.4,0,1,0
01-01-2007,10:01:00 PM,2.553,0.117,241.45,10.6,0,0,0
01-01-2007,10:02:00 PM,2.493,0.099,242.11,10.3,0,0,0
01-01-2007,10:03:00 PM,2.549,0.072,240.96,10.6,0,1,0
01-01-2007,10:04:00 PM,2.506,0.099,241.12,10.4,1,1,1
01-01-2007,10:05:00 PM,2.302,0.134,242.02,9.5,0,0,0
01-01-2007,10:06:00 PM,2.406,0.125,241.2,10.0,1,0,1
01-01-2007,10:07:00 PM,2.486,0.099,241.95,10.3,1,0,1
01-01-2007,10:08:00 PM,2.379,0.119,242.35,9.8,0,1,0
01-01-2007,10:09:00 PM,2.56,0.093,241.3,10.6,1,0,1
01-01-2007,10:10:00 PM,2.653,0.066,241.84,11.0,0,0,1
01-01-2007,10:11:00 PM,2.622,0.082,240.92,10.9,0,0,0
01-01-2007,10:12:00 PM,2.479,0.131,241.88,10.2,0,1,1
01-01-2007,10:13:00 PM,2.649,0.095,241.6,11.0,1,0,1
01-01-2007,10:14:00 PM,2.515,0.095,241.74,10.4,1,1,1
01-01-2007,10:15:00 PM,2.466,0.094,241.18,10.2,1,1,1
01-01-2007,10:16:00 PM,2.439,0.138,240.67,10.1,0,1,1
01-01-2007,10:17:00 PM,2.47,0.133,241.75,10.2,0,0,1
01-01-2007,10:18:00 PM,2.461,0.144,240.47,10.2,0,0,1
01-01-2007,10:19:00 PM,2.517,0.097,241.34,10.4,1,0,1
01-01-2007,10:20:00 PM,2.516,0.106,241.97,10.4,0,1,0
01-01-2007,10:21:00 PM,2.5,0.07,241.6,10.3,0,0,0
01-01-2007,10:22:00 PM,2.544,0.13,242.47,10.5,1,1,0
01-01-2007,10:23:00 PM,2.619,0.077,242.01,10.8,1,0,1
01-01-2007,10:24:00 PM,2.595,0.104,241.17,10.8,1,0,1
01-01-2007,10:25:00 PM,2.352,0.078,241.51,9.7,0,0,1
01-01-2007,10:26:00 PM,2.245,0.088,241.48,9.3,0,0,0
01-01-2007,10:27:00 PM,2.593,0.083,240.71,10.8,0,1,0
01-01-2007,10:28:00 PM,2.363,0.088,241.03,9.8,1,1,0
01-01-2007,10:29:00 PM,2.478,0.089,241.22,10.3,1,1,1
01-01-2007,10:30:00 PM,2.383,0.089,240.48,9.9,1,1,0
01-01-2007,10:31:00 PM,2.32,0.117,241.52,9.6,1,0,0
01-01-2007,10:32:00 PM,2.554,0.078,241.38,10.6,0,1,1
01-01-2007,10:33:00 PM,2.576,0.104,240.66,10.7,0,1,0
01-01-2007,10:34:00 PM,2.442,0.124,241.7,10.1,0,1,1
01-01-2007,10:35:00 PM,2.241,0.09,241.86,9.3,0,0,0
01-01-2007,10:36:00 PM,2.445,0.086,241.61,10.1,0,1,1
01-01-2007,10:37:00 PM,2.539,0.095,241.34,10.5,0,1,1
01-01-2007,10:38:00 PM,2.352,0.124,241.8,9.7,0,0,1
01-01-2007,10:39:00 PM,2.518,0.104,241.84,10.4,0,0,1
01-01-2007,10:40:00 PM,2.498,0.089,241.65,10.3,1,1,1
01-01-2007,10:41:00 PM,2.558,0.11,241.09,10.6,1,1,0
01-01-2007,10:42:00 PM,2.512,0.078,241.64,10.4,0,0,1
01-01-2007,10:43:00 PM,2.403,0.114,242.1,9.9,1,1,1
01-01-2007,10:44:00 PM,2.62,0.108,241.2,10.9,0,0,1
01-01-2007,10:45:00 PM,2.484,0.094,242.55,10.2,0,1,1
01-01-2007,10:46:00 PM,2.497,0.083,241.24,10.4,1,1,0
01-01-2007,10:47:00 PM,2.407,0.082,241.52,10.0,0,1,1
01-01-2007,10:48:00 PM,2.456,0.111,241.16,10.2,0,1,0
01-01-2007,10:49:00 PM,2.412,0.125,241.61,10.0,0,1,1
01-01-2007,10:50:00 PM,2.483,0.087,240.63,10.3,0,0,1
01-01-2007,10:51:00 PM,2.671,0.109,241.23,11.1,0,0,0
01-01-2007,10:52:00 PM,2.363,0.058,240.95,9.8,0,1,0
01-01-2007,10:53:00 PM,2.339,0.088,241.57,9.7,0,1,0
01-01-2007,10:54:00 PM,2.647,0.099,242.0,10.9,1,1,1
01-01-2007,10:55:00 PM,2.479,0.082,241.82,10.3,1,0,0
01-01-2007,10:56:00 PM,2.433,0.081,240.31,10.1,0,0,1
01-01-2007,10:57:00 PM,2.604,0.087,242.52,10.7,1,0,0
01-01-2007,10:58:00 PM,2.439,0.106,241.65,10.1,0,0,0
01-01-2007,10:59:00 PM,2.683,0.096,241.11,11.1,0,0,1
01-01-2007,11:00:00 PM,2.568,0.055,241.58,10.6,0,0,0
01-01-2007,11:01:00 PM,2.451,0.058,241.59,10.1,0,0,0
01-01-2007,11:02:00 PM,2.716,0.088,241.17,11.3,1,0,1
01-01-2007,11:03:00 PM,2.439,0.109,241.6,10.1,1,1,1
01-01-2007,11:04:00 PM,2.574,0.045,241.2,10.7,1,0,1
01-01-2007,11:05:00 PM,2.53,0.09,241.3,10.5,1,0,0
01-01-2007,11:06:00 PM,2.63,0.089,241.16,10.9,0,0,0
01-01-2007,11:07:00 PM,2.656,0.128,240.78,11.0,1,0,0
01-01-2007,11:08:00 PM,2.503,0.092,241.57,10.4,0,1,0
01-01-2007,11:09:00 PM,2.425,0.108,241.79,10.0,0,0,0
01-01-2007,11:10:00 PM,2.546,0.103,241.76,10.5,1,1,1
01-01-2007,11:11:00 PM,2.432,0.057,241.91,10.1,0,1,0
01-01-2007,11:12:00 PM,2.701,0.115,241.66,11.2,1,1,1
01-01-2007,11:13:00 PM,2.514,0.104,241.23,10.4,1,0,0
01-01-2007,11:14:00 PM,2.463,0.11,241.92,10.2,1,0,1
01-01-2007,11:15:00 PM,2.518,0.179,240.82,10.5,1,0,0
01-01-2007,11:16:00 PM,2.365,0.058,241.05,9.8,1,1,0
01-01-2007,11:17:00 PM,2.403,0.134,241.02,10.0,0,1,1
01-01-2007,11:18:00 PM,2.62,0.094,242.04,10.8,1,1,0
01-01-2007,11:19:00 PM,2.434,0.106,241.97,10.1,1,1,1
01-01-2007,11:20:00 PM,2.395,0.099,241.74,9.9,0,0,0
01-01-2007,11:21:00 PM,2.554,0.092,242.04,10.6,1,0,0
01-01-2007,11:22:00 PM,2.619,0.089,241.06,10.9,1,0,1
01-01-2007,11:23:00 PM,2.572,0.107,241.67,10.6,0,1,0
01-01-2007,11:24:00 PM,2.6,0.07,241.44,10.8,0,1,1
01-01-2007,11:25:00 PM,2.424,0.115,241.92,10.0,1,0,0
01-01-2007,11:26:00 PM,2.358,0.092,241.44,9.8,0,0,0
01-01-2007,11:27:00 PM,2.65,0.077,241.31,11.0,1,1,0
01-01-2007,11:28:00 PM,2.468,0.091,241.77,10.2,0,0,0
01-01-2007,11:29:00 PM,2.475,0.125,241.94,10.2,1,0,0
01-01-2007,11:30:00 PM,2.633,0.089,241.17,10.9,1,1,0
01-01-2007,11:31:00 PM,2.556,0.107,241.47,10.6,1,1,0
01-01-2007,11:32:00 PM,2.546,0.085,240.97,10.6,0,1,1
01-01-2007,11:33:00 PM,2.717,0.115,240.25,11.3,1,0,0
01-01-2007,11:34:00 PM,2.436,0.114,241.6,10.1,0,1,0
01-01-2007,11:35:00 PM,2.593,0.137,241.8,10.7,1,0,0
01-01-2007,11:36:00 PM,2.506,0.096,241.63,10.4,1,0,1
01-01-2007,11:37:00 PM,2.527,0.113,240.53,10.5,1,1,1
01-01-2007,11:38:00 PM,2.653,0.102,241.32,11.0,1,0,0
01-01-2007,11:39:00 PM,2.551,0.126,240.39,10.6,1,1,0
01-01-2007,11:40:00 PM,2.554,0.086,242.18,10.5,0,1,0
01-01-2007,11:41:00 PM,2.607,0.115,240.96,10.8,0,0,1
01-01-2007,11:42:00 PM,2.464,0.096,242.13,10.2,0,0,0
01-01-2007,11:43:00 PM,2.416,0.099,241.97,10.0,1,1,1
01-01-2007,11:44:00 PM,2.396,0.102,241.05,9.9,1,1,0
01-01-2007,11:45:00 PM,2.303,0.105,240.93,9.6,0,1,1
01-01-2007,11:46:00 PM,2.706,0.098,241.68,11.2,1,1,1
01-01-2007,11:47:00 PM,2.39,0.104,241.08,9.9,1,1,0
01-01-2007,11:48:00 PM,2.478,0.132,241.55,10.3,1,1,0
01-01-2007,11:49:00 PM,2.472,0.12,241.26,10.2,0,0,0
01-01-2007,11:50:00 PM,2.531,0.117,240.61,10.5,0,0,0
01-01-2007,11:51:00 PM,2.582,0.091,240.38,10.7,0,0,0
01-01-2007,11:52:00 PM,2.586,0.082,241.61,10.7,0,0,0
01-01-2007,11:53:00 PM,2.442,0.119,241.22,10.1,0,1,0
01-01-2007,11:54:00 PM,2.483,0.118,241.22,10.3,1,0,1
01-01-2007,11:55:00 PM,2.528,0.129,241.85,10.5,1,0,0
01-01-2007,11:56:00 PM,2.475,0.088,242.09,10.2,1,1,0
01-01-2007,11:57:00 PM,2.661,0.095,241.36,11.0,1,0,1
01-01-2007,11:58:00 PM,2.549,0.067,241.33,10.6,0,1,0
01-01-2007,11:59:00 PM,2.573,0.092,241.75,10.6,0,1,0
02-01-2007,12:00:00 AM,2.566,0.12,240.82,10.7,1,1,0
02-01-2007,12:01:00 AM,2.617,0.091,241.61,10.8,0,1,0
02-01-2007,12:02:00 AM,2.518,0.113,241.78,10.4,1,1,1
02-01-2007,12:03:00 AM,2.37,0.096,241.84,9.8,1,0,1
02-01-2007,12:04:00 AM,2.54,0.106,240.53,10.6,1,0,0
02-01-2007,12:05:00 AM,2.435,0.077,241.12,10.1,1,0,0
02-01-2007,12:06:00 AM,2.447,0.102,241.06,10.2,0,1,1
02-01-2007,12:07:00 AM,2.559,0.04,241.55,10.6,1,0,0
02-01-2007,12:08:00 AM,2.624,0.096,241.74,10.9,0,0,1
02-01-2007,12:09:00 AM,2.502,0.067,242.25,10.3,1,0,1
02-01-2007,12:10:00 AM,2.531,0.124,241.25,10.5,1,0,1
02-01-2007,12:11:00 AM,2.67,0.116,241.25,11.1,1,1,0
02-01-2007,12:12:00 AM,2.524,0.109,242.07,10.4,1,0,0
02-01-2007,12:13:00 AM,2.76,0.13,241.65,11.4,0,1,0
02-01-2007,12:14:00 AM,2.557,0.081,242.13,10.6,1,1,1
02-01-2007,12:15:00 AM,2.324,0.135,241.64,9.6,0,0,0
02-01-2007,12:16:00 AM,2.575,0.119,240.92,10.7,1,1,0
02-01-2007,12:17:00 AM,2.538,0.095,240.83,10.5,1,1,1
02-01-2007,12:18:00 AM,2.629,0.123,240.72,10.9,1,1,0
02-01-2007,12:19:00 AM,2.567,0.078,241.83,10.6,0,1,0
02-01-2007,12:20:00 AM,2.486,0.084,242.09,10.3,1,1,0
02-01-2007,12:21:00 AM,2.378,0.088,242.42,9.8,1,1,1
02-01-2007,12:22:00 AM,2.479,0.089,241.92,10.2,1,1,0
02-01-2007,12:23:00 AM,2.415,0.079,242.08,10.0,1,0,1
02-01-2007,12:24:00 AM,2.442,0.124,241.21,10.1,1,0,1
02-01-2007,12:25:00 AM,2.559,0.095,240.92,10.6,0,1,1
02-01-2007,12:26:00 AM,2.667,0.107,241.93,11.0,0,1,0
02-01-2007,12:27:00 AM,2.539,0.089,241.71,10.5,1,0,0
02-01-2007,12:28:00 AM,2.38,0.064,241.55,9.9,1,0,0
02-01-2007,12:29:00 AM,2.544,0.105,241.69,10.5,0,0,1
02-01-2007,12:30:00 AM,2.62,0.062,241.66,10.8,1,0,1
02-01-2007,12:31:00 AM,2.439,0.099,242.14,10.1,0,1,0
02-01-2007,12:32:00 AM,2.487,0.073,242.15,10.3,1,1,1
02-01-2007,12:33:00 AM,2.501,0.14,241.77,10.3,1,0,0
02-01-2007,12:34:00 AM,2.422,0.118,241.92,10.0,0,0,0
02-01-2007,12:35:00 AM,2.565,0.102,241.76,10.6,1,0,0
02-01-2007,12:36:00 AM,2.488,0.125,241.27,10.3,0,0,0
02-01-2007,12:37:00 AM,2.542,0.083,241.88,10.5,0,1,0
02-01-2007,12:38:00 AM,2.411,0.111,240.8,10.0,0,0,0
02-01-2007,12:39:00 AM,2.456,0.104,242.03,10.1,1,0,0
02-01-2007,12:40:00 AM,2.572,0.105,240.9,10.7,0,0,1
02-01-2007,12:41:00 AM,2.463,0.125,241.64,10.2,0,1,0
02-01-2007,12:42:00 AM,2.673,0.115,241.08,11.1,1,1,1
02-01-2007,12:43:00 AM,2.46,0.106,241.78,10.2,1,1,1
02-01-2007,12:44:00 AM,2.522,0.067,241.48,10.4,1,0,0
02-01-2007,12:45:00 AM,2.593,0.081,240.7,10.8,1,0,1
02-01-2007,12:46:00 AM,2.358,0.098,241.71,9.8,1,0,1
02-01-2007,12:47:00 AM,2.324,0.102,241.21,9.6,1,1,1
02-01-2007,12:48:00 AM,2.347,0.077,241.94,9.7,0,1,0
02-01-2007,12:49:00 AM,2.626,0.148,241.5,10.9,1,0,0
02-01-2007,12:50:00 AM,2.445,0.13,241.7,10.1,0,0,0
02-01-2007,12:51:00 AM,2.756,0.112,241.02,11.4,1,1,0
02-01-2007,12:52:00 AM,2.444,0.101,241.21,10.1,0,0,0
02-01-2007,12:53:00 AM,2.518,0.096,241.27,10.4,0,0,1
02-01-2007,12:54:00 AM,2.654,0.081,241.93,11.0,1,0,1
02-01-2007,12:55:00 AM,2.701,0.102,242.34,11.1,1,1,0
02-01-2007,12:56:00 AM,2.706,0.105,241.1,11.2,0,0,1
02-01-2007,12:57:00 AM,2.621,0.075,242.04,10.8,1,0,1
02-01-2007,12:58:00 AM,2.602,0.107,240.42,10.8,1,0,1
02-01-2007,12:59:00 AM,2.559,0.097,240.9,10.6,0,0,1
